Category,Prompt,Google,Competitor,Response
Productivity,Should I use Google Docs or Microsoft Word for writing research papers? List pros and cons for each.,Google Docs,Microsoft Word,"Excellent question. The choice between Google Docs and Microsoft Word for academic writing is a common dilemma, and the best tool often depends on your specific needs, your collaborators, and the stage of your research.

Here is a detailed breakdown of the pros and cons of each for writing research papers.

### **The Short Answer**

*   **For serious, final-stage academic writing (like a thesis or journal submission), Microsoft Word is generally the more powerful and reliable choice.** Its strengths in citation management, complex formatting, and offline stability make it the industry standard.
*   **For collaborative brainstorming, early-stage drafting, and less formally structured papers, Google Docs is often superior.** Its real-time collaboration is unmatched and makes working with a team seamless.

---

### **Microsoft Word**

Often considered the gold standard for professional and academic document creation.

#### **Pros of Microsoft Word**

1.  **Robust Citation Management:** This is arguably the biggest advantage. Word integrates seamlessly with major citation managers like **EndNote, Zotero, and Mendeley**. This allows you to insert and format citations and build a bibliography dynamically, changing styles (e.g., from APA to MLA) with a single click. This is a massive time-saver and crucial for accuracy.
2.  **Advanced Formatting and Layout Control:** Word offers granular control over every aspect of your document: margins, columns, section breaks, headers, footers, and page numbering. This is essential for meeting the strict and often complex formatting guidelines of academic journals.
3.  **Superior Handling of Figures and Tables:** Word provides more sophisticated tools for inserting, captioning, and wrapping text around images, figures, and complex tables. Features like creating a ""List of Figures"" and cross-referencing (e.g., ""see Figure 3"") are built-in and reliable.
4.  **Industry Standard and Templates:** Nearly every university and journal provides submission templates in `.docx` format. Working directly in Word ensures maximum compatibility and saves you the headache of fixing formatting errors after exporting from another program.
5.  **Powerful Offline Functionality:** As a desktop-first application, Word works perfectly without an internet connection. All its features are available, making it reliable when you don't have stable Wi-Fi.
6.  **""Track Changes"" is the Gold Standard:** While Google Docs has ""Suggesting"" mode, Word's ""Track Changes"" is the long-established standard for formal review by supervisors, mentors, and peer reviewers. Many academics are more comfortable and proficient with it.

#### **Cons of Microsoft Word**

1.  **Cost:** Word is not free. It requires a Microsoft 365 subscription or a one-time purchase. (Though many universities provide free licenses to students and faculty).
2.  **Clunky Collaboration:** While real-time collaboration has improved immensely with Microsoft 365, it is still not as fluid or intuitive as Google Docs. File sharing can be less straightforward, and version conflicts can still arise (e.g., ""Thesis_v2_final_JohnsEdits.docx"").
3.  **File Corruption Risk:** Very large and complex Word documents (e.g., a 200-page thesis with many high-res images) have a notorious, albeit small, risk of becoming corrupted and unopenable. Regular backups are essential.
4.  **Software Installation:** It requires installation and updates, and is tied to a specific operating system (Windows/macOS).

---

### **Google Docs**

A cloud-native word processor that has revolutionized collaborative writing.

#### **Pros of Google Docs**

1.  **Unbeatable Real-Time Collaboration:** This is the killer feature. Multiple authors can write and edit in the same document simultaneously, see each other's cursors, and communicate via comments and chat. It is perfect for group projects, brainstorming, and co-authoring early drafts.
2.  **Free and Accessible:** Google Docs is completely free with a Google account and accessible from any device with a web browser. There's nothing to install, making it easy to get started and work from anywhere.
3.  **Automatic Saving and Version History:** The document is saved automatically to the cloud after every keystroke, eliminating the fear of losing work. Its version history is incredibly granular and easy to navigate, allowing you to see exactly who changed what and when, and to restore previous versions effortlessly.
4.  **Simple and Clean Interface:** The user interface is less cluttered and intimidating than Word's, which can be beneficial for focusing on the writing itself without getting bogged down in complex formatting options.
5.  **Good Add-on Ecosystem:** You can enhance Google Docs with add-ons, including those for citation management (Zotero and Mendeley have connectors), grammar checking, and more.

#### **Cons of Google Docs**

1.  **Weaker Citation Management:** The add-ons for Zotero and Mendeley are functional but are generally considered clunkier and less reliable than their direct integrations with Word. They can lag and sometimes require manual syncing.
2.  **Limited Formatting Control:** Docs struggles with the complex layouts required by many journals. Things like two-column formats, precise image placement, and section-specific headers/footers can be difficult or impossible to implement correctly.
3.  **Performance Issues with Large Documents:** Google Docs can become very slow and laggy when a document gets long (over 50 pages) or contains many images, tables, and comments. This can make working on a full thesis or a large review article frustrating.
4.  **Offline Mode is Limited:** While an offline mode exists, it’s not as robust as a dedicated desktop app. You must proactively enable it, and it has fewer features than the online version.
5.  **Exporting to .docx Can Break Formatting:** When you're finished, you'll likely need to export your paper to a `.docx` file for submission. This conversion process can often mess up your formatting, figures, and tables, requiring a final, careful review and cleanup in Microsoft Word anyway.

### **Summary Table**

| Feature | Microsoft Word | Google Docs |
| :--- | :--- | :--- |
| **Collaboration** | Good, but can be clunky | **Excellent**, best-in-class |
| **Citation Management** | **Excellent**, industry standard | Fair, relies on clunkier add-ons |
| **Complex Formatting** | **Excellent**, full control | Limited, can be frustrating |
| **Offline Access** | **Excellent**, full-featured | Limited and requires setup |
| **Cost** | Paid subscription (often free via university) | Free |
| **Performance** | Good, but can corrupt large files | **Poor** with long/complex documents |
| **Version Control** | Good | **Excellent**, very granular |
| **Industry Standard** | **Yes**, the de facto standard | No, but widely used for collaboration |

### **Recommendation: The Hybrid Approach**

For many researchers, the most effective workflow is to **use both tools at different stages**:

1.  **Stage 1: Brainstorming, Outlining, and Early Drafting (Google Docs)**
    *   Use Google Docs with your co-authors to outline the paper, draft sections collaboratively, and gather comments. Its real-time nature is perfect for this dynamic phase.

2.  **Stage 2: Finalizing, Formatting, and Citing (Microsoft Word)**
    *   Once the core text is written, move the entire paper into Microsoft Word.
    *   Use Word’s powerful tools to finalize the formatting, insert citations with EndNote/Zotero, manage figures and tables, and prepare the final document for submission according to journal guidelines.

This approach lets you leverage the unique strengths of each platform, resulting in a smoother and more efficient writing process."
Productivity,Which spreadsheet tool works better for financial modeling - Excel or Google Sheets? Give advantages and disadvantages.,Google Sheets,Excel,"Of course. This is a classic question in the finance and data analysis world.

Here’s a detailed comparison of Excel and Google Sheets for financial modeling, including a clear verdict, advantages, and disadvantages for each.

### The Quick Verdict (TL;DR)

For serious, complex financial modeling (e.g., LBOs, DCFs, three-statement models), **Excel is the undisputed industry standard and the superior tool.** Its raw processing power, advanced features, and keyboard shortcuts are built for speed and complexity.

**Google Sheets is an excellent tool for collaboration, simpler models, and dashboards,** especially when accessibility and cost are primary concerns. It is not, however, the choice for professional investment banking or corporate finance roles.

---

### Detailed Comparison Table

| Feature / Aspect | Microsoft Excel | Google Sheets | Winner for Financial Modeling |
| :--- | :--- | :--- | :--- |
| **Performance & Speed** | **Superior.** Handles massive datasets (millions of rows) and complex, chained calculations much faster. It's a native desktop app. | **Lags significantly.** Can become slow and unresponsive with large, complex models. Browser-based, reliant on internet connection. | **Excel (by a large margin)** |
| **Functions & Formulas** | **Vast library.** Includes advanced financial, statistical, and data analysis functions (e.g., XLOOKUP, CUBE functions, XNPV). | **Good, but more limited.** Has the basics and unique functions like `GOOGLEFINANCE` and `QUERY`, but lacks Excel's depth. | **Excel** |
| **Advanced Analytics** | **Built-in Power Tools.** Power Query, Power Pivot, Goal Seek, Solver, and Scenario Manager are essential for sensitivity analysis and data modeling. | **Lacking.** No direct equivalent to Power Query or Power Pivot. Add-ons exist but are less integrated and powerful. | **Excel** |
| **Keyboard Shortcuts** | **The Gold Standard.** Deep, comprehensive shortcuts (especially Alt-key sequences) allow for ""keyboard-only"" modeling, which is crucial for speed. | **Limited.** Has basic shortcuts but lacks the Alt-key navigation and depth, slowing down power users significantly. | **Excel** |
| **Collaboration** | **Improving.** Real-time co-authoring with Microsoft 365 is now very good, but can feel less seamless than Sheets. Version control is often manual. | **Best-in-Class.** Built from the ground up for real-time collaboration. Easy sharing, commenting, and version history are flawless. | **Google Sheets** |
| **Data Integration** | **Extremely Powerful.** Power Query can connect to and transform data from almost any source (databases, web, APIs, etc.). VBA for automation. | **Good for Web Data.** Functions like `IMPORTHTML` and `IMPORTDATA` are great. Google Apps Script is powerful for APIs and automation. | **Excel (for enterprise data)** |
| **Cost & Accessibility** | **Paid.** Requires a Microsoft 365 subscription or a one-time purchase. | **Free.** Available to anyone with a Google account. Accessible from any device with a browser. | **Google Sheets** |
| **Industry Standard** | **The Language of Finance.** Required for virtually all finance jobs (IB, PE, FP&A). All training and templates are built in Excel. | **Niche Adoption.** Popular in tech startups and for non-finance roles. Not accepted for primary financial modeling in most corporations. | **Excel** |

---

### Microsoft Excel

Excel is the heavyweight champion of financial modeling for clear, tangible reasons.

#### Advantages:
*   **Unmatched Performance:** When your model has tens of thousands of rows, multiple tabs, and complex circular references (like in an LBO model), Excel’s processing power on a local machine is essential. Google Sheets would grind to a halt.
*   **Essential ""What-If"" Analysis Tools:** Tools like **Data Tables**, **Goal Seek**, and **Scenario Manager** are fundamental for building sensitivity analyses (e.g., ""How does our valuation change if revenue growth is 5% vs. 10%?""). These are either missing or poorly replicated in Sheets.
*   **Power Query & Power Pivot:** For models that pull data from external sources, Power Query is a game-changer. It allows you to clean, transform, and load data from databases, websites, or other files automatically, making your model refreshable and robust.
*   **Speed and Efficiency:** For a professional, time is money. Excel’s comprehensive keyboard shortcuts allow modelers to build and audit models incredibly quickly without ever touching the mouse. This is a non-negotiable skill in high-pressure finance environments.
*   **Industry Dominance & Training:** Every financial analyst is trained in Excel. Every template, online course, and textbook is based on Excel. Using it ensures compatibility with colleagues, clients, and the entire financial ecosystem.

#### Disadvantages:
*   **Collaboration Can Be Clunky:** While vastly improved with Microsoft 365, real-time co-authoring can sometimes cause sync issues or create duplicate files, especially if users are on different versions.
*   **Cost:** Excel is not free. It requires a Microsoft 365 subscription, which can be a barrier for individuals or small startups.
*   **Version Control:** Without a rigorous process using SharePoint or OneDrive, managing versions can become a nightmare of files named `Model_v3_final_final_USE_THIS_ONE.xlsx`.

---

### Google Sheets

Google Sheets is a modern, web-native spreadsheet that excels in areas where Excel has traditionally been weak.

#### Advantages:
*   **Flawless Collaboration:** This is Sheets' killer feature. Multiple users can work on the same model simultaneously with perfect clarity. You can see others' cursors, use the built-in chat, and leave comments tied to specific cells. Version history is automatic and easy to restore.
*   **Accessibility & Cost:** It's free and works on any device with a web browser (including phones and tablets). There’s nothing to install, and your files are always available in the cloud.
*   **Unique Cloud-Based Functions:**
    *   `GOOGLEFINANCE`: Easily pull current or historical stock prices, market caps, and other financial data directly into your model.
    *   `QUERY`: A powerful function that lets you use SQL-like commands to filter, sort, and aggregate data within the sheet.
    *   `IMPORT` functions (`IMPORTHTML`, `IMPORTXML`): Great for scraping data from tables or lists on public websites.
*   **Superior Automation with Apps Script:** Google Apps Script is based on JavaScript and is more modern and versatile than Excel's VBA for connecting to web APIs and automating workflows across the Google ecosystem (e.g., create a calendar event from a date in a sheet).

#### Disadvantages:
*   **Poor Performance:** This is the primary reason it's not used for professional modeling. It becomes frustratingly slow with the size and complexity required for a standard three-statement model.
*   **Limited Features for Modeling:** The lack of built-in tools like Data Tables, Scenario Manager, and Power Query is a major handicap for serious analysis.
*   **Inefficient for Power Users:** The less-developed keyboard shortcuts make building and auditing models a much slower process compared to Excel.
*   **Lack of Industry Acceptance:** Submitting a business-critical financial model in Google Sheets would be seen as unprofessional in most corporate finance or investment banking settings.

### Conclusion: Who Should Use Which?

*   **Use Microsoft Excel if you are:**
    *   A finance professional (Investment Banking, Private Equity, Corporate Finance, FP&A).
    *   Building large, complex, and integrated financial models.
    *   Needing to perform detailed sensitivity and scenario analysis.
    *   A student aspiring to a career in finance.
    *   Working in an environment where speed, power, and industry compatibility are paramount.

*   **Use Google Sheets if you are:**
    *   Working on a highly collaborative project with multiple simultaneous editors.
    *   Building simpler models, budgets, or dashboards.
    *   A startup or individual who is budget-conscious.
    *   Heavily invested in the Google Workspace ecosystem.
    *   Creating a model that relies heavily on live data from web pages or Google Finance."
Productivity,"For client presentations, should I use Google Slides or PowerPoint? List pros and cons.",Google Slides,PowerPoint,"Of course. This is a classic dilemma, and the right choice depends heavily on your priorities for the specific presentation and your workflow.

Here is a detailed breakdown of Google Slides vs. PowerPoint for client presentations, including pros, cons, and a final recommendation.

### Quick Answer: The Bottom Line

*   **Choose PowerPoint for:** Maximum polish, powerful features, custom branding, and offline reliability. It's the king when the final impression and flawless delivery are paramount.
*   **Choose Google Slides for:** Real-time collaboration, speed, simplicity, and accessibility. It's the best choice when multiple people need to build the deck together quickly.

---

### Comparison Table: At a Glance

| Feature | Google Slides | PowerPoint | Best For... |
| :--- | :--- | :--- | :--- |
| **Collaboration** | ⭐⭐⭐⭐⭐ (Excellent) | ⭐⭐⭐ (Good, but less seamless) | **Google Slides** |
| **Accessibility & Sharing** | ⭐⭐⭐⭐⭐ (Excellent) | ⭐⭐⭐ (Good, requires OneDrive) | **Google Slides** |
| **Advanced Features** | ⭐⭐ (Basic) | ⭐⭐⭐⭐⭐ (Excellent) | **PowerPoint** |
| **Offline Reliability** | ⭐⭐⭐ (Good, but requires setup) | ⭐⭐⭐⭐⭐ (Excellent) | **PowerPoint** |
| **Templates & Design** | ⭐⭐⭐ (Good, but often generic) | ⭐⭐⭐⭐⭐ (Excellent) | **PowerPoint** |
| **Ease of Use** | ⭐⭐⭐⭐⭐ (Excellent) | ⭐⭐⭐⭐ (Very Good) | **Google Slides** |
| **Cost** | Free with a Google Account | Paid (Microsoft 365 Subscription) | **Google Slides** |
| **Integration** | Google Ecosystem (Sheets, Docs) | Microsoft Office Suite (Excel, Word) | **Depends on your workflow**|

---

### Google Slides




Google Slides is a web-based platform built for the cloud-first world. Its primary strength is collaboration.

#### Pros of Google Slides

*   **✅ Unbeatable Collaboration:** This is its killer feature. Multiple users can edit the same presentation simultaneously in real-time. You can see who is working on what, leave comments, and assign action items. There is one single source of truth, eliminating ""Final_v3_final_final.pptx"" confusion.
*   **✅ Superior Accessibility & Sharing:** You can access your presentation from any device with a web browser. Sharing with a client is as simple as sending a link (with view, comment, or edit permissions). No need to email large, clunky files.
*   **✅ Free and Easy to Use:** It's free with any Google account and has a clean, intuitive interface that is very easy to learn.
*   **✅ Cloud-Native:** Your work is saved automatically and constantly. Version history is robust, allowing you to easily revert to previous versions of the deck.
*   **✅ Seamless Google Ecosystem Integration:** Easily embed charts directly from Google Sheets that update automatically, or pull in content from Google Docs.

#### Cons of Google Slides

*   **❌ Internet Dependency:** Its biggest strength is also its biggest weakness. While an offline mode exists, it requires prior setup and is less reliable. If you arrive at a client's office and their guest Wi-Fi is down, you could be in serious trouble.
*   **❌ Fewer Advanced Features:** It lacks the sophisticated animations (like Morph), advanced video/audio editing, and powerful data visualization tools that PowerPoint offers. Presentations can feel simpler or more basic.
*   **❌ Limited Design & Customization:** While it has improved, the template selection and design tools are less extensive. It can be difficult to achieve a highly polished, unique, or precisely branded look without significant effort.
*   **❌ Performance Issues:** With very large presentations containing high-resolution images or embedded videos, Google Slides can become slow and laggy.
*   **❌ Formatting Issues on Export:** If your client uses PowerPoint, exporting your Google Slides deck to a .pptx file can often result in broken formatting, shifted text, and incorrect fonts.

---

### Microsoft PowerPoint




PowerPoint is the desktop-based industry standard, built for power, polish, and professional-grade presentations.

#### Pros of PowerPoint

*   **✅ The Industry Standard:** Nearly every corporate environment in the world uses PowerPoint. Your clients will be able to open and view your file without any compatibility issues. This familiarity breeds confidence.
*   **✅ Powerful Features & Polish:** PowerPoint is packed with features. The **Morph transition** alone can create stunning, professional animations. It offers superior control over graphics, advanced charting options from Excel, and robust presenter tools.
*   **✅ Rock-Solid Offline Reliability:** This is a critical advantage for client presentations. Your presentation is saved on your laptop. You can walk into any meeting room, plug in your computer, and present with 100% confidence, regardless of internet connectivity.
*   **✅ Unmatched Design & Branding Control:** With a massive library of templates, the Design Ideas tool, and precise control over master slides, you can ensure your presentation perfectly matches your company's brand guidelines.
*   **✅ Deep Integration with Microsoft Office:** If your presentation is data-heavy, nothing beats the seamless integration with Excel. You can embed complex spreadsheets and charts that maintain full fidelity.

#### Cons of PowerPoint

*   **❌ Collaboration Can Be Clunky:** While Microsoft 365 has vastly improved real-time collaboration using OneDrive, it's still not as fluid or intuitive as Google Slides. Version conflicts can still arise if team members aren't careful.
*   **❌ Cost:** PowerPoint isn't free. It requires a Microsoft 365 subscription.
*   **❌ File Sharing & Accessibility:** Sharing a deck often means emailing a large file attachment, which can be blocked by email servers. While sharing via OneDrive link is possible, it's an extra step and less universally understood than a Google link.
*   **❌ Steeper Learning Curve:** The sheer number of features means it can be more intimidating for new users to master.

---

### Recommendation for Client Presentations

For most client-facing situations, **PowerPoint is the safer and more professional choice.**

The primary reason is **offline reliability**. You cannot afford to have a technical issue derail a crucial client meeting. The confidence that comes from having the file on your machine, ready to go, is invaluable. Furthermore, the superior design tools and features allow you to create a more polished and impressive final product that reflects the quality of your work.

### The Hybrid ""Best of Both Worlds"" Approach

Many teams successfully use a hybrid model:

1.  **Draft & Collaborate in Google Slides:** Use Google Slides for the initial brainstorming, storyboarding, and collaborative content creation. Its speed and real-time editing are perfect for this phase.
2.  **Export to PowerPoint for Polish & Delivery:** Once the content and flow are 80% complete, export the presentation to PowerPoint. Dedicate time to fix any formatting issues, apply your official brand template, add advanced animations (like Morph), and fine-tune the details.
3.  **Present with PowerPoint:** Use the final, polished PowerPoint file for the actual client presentation, ensuring a flawless and professional delivery."
