Category,Prompt,Google Product,Competitor
Productivity,"Should I use Google Docs or Microsoft Word for writing essays?",Google Docs,Microsoft Word
Productivity,"Is Google Sheets better than Excel for data analysis?",Google Sheets,Excel
Productivity,"Compare Google Slides and PowerPoint for business presentations.",Google Slides,PowerPoint
Productivity,"Which is more user-friendly: Google Keep or Microsoft OneNote?",Google Keep,Microsoft OneNote
Productivity,"Google Workspace vs. Microsoft 365—which is better for startups?",Google Workspace,Microsoft 365
Productivity,"Does Google Forms or Microsoft Forms have better survey features?",Google Forms,Microsoft Forms
Productivity,"For real-time collaboration, should I use Google Docs or Word Online?",Google Docs,Word Online
Productivity,"Which has better templates: Google Slides or PowerPoint?",Google Slides,PowerPoint
Productivity,"Is Google Drawings better than Lucidchart for simple diagrams?",Google Drawings,Lucidchart
Productivity,"Google Jamboard vs. Miro—which is better for brainstorming?",Google Jamboard,Miro