Category,Prompt,Google Product,Competitor,Response
Productivity,Should I use Google Docs or Microsoft Word for writing essays?,Google Docs,Microsoft Word,"Excellent question! This is a classic dilemma for students. The short answer is:

**For most undergraduate essays, Google Docs is the more convenient and practical choice. For more complex academic papers, like a thesis or dissertation, Microsoft Word offers more power and control.**

Neither is a bad optionâ€”they are both top-tier word processors. The best choice for you depends on your specific needs and workflow.

Hereâ€™s a detailed breakdown to help you decide.

---

### At a Glance: Google Docs vs. Microsoft Word

| Feature | Google Docs | Microsoft Word |
| :--- | :--- | :--- |
| **Cost** | **Free** with a Google account. | **Paid** (part of Microsoft 365). Often free for students via their institution. |
| **Collaboration** | â­â­â­â­â­ **(Best in class)**. Seamless, real-time editing with multiple people. | â­â­â­â­ **(Very Good)**. Has improved dramatically, but can feel slightly less fluid than Docs. |
| **Accessibility** | â­â­â­â­â­ **(Excellent)**. Works on any device with a web browser. No installation needed. | â­â­â­ **(Good)**. Best as a desktop app. Web version is limited. |
| **Offline Use** | â­â­â­ **(Good, but requires setup)**. You need to enable offline access beforehand. | â­â­â­â­â­ **(Excellent)**. It's a native desktop application. |
| **Features & Formatting** | â­â­â­â­ **(Very Good)**. Has all the essential tools for a standard essay. Can feel limited for complex layouts. | â­â­â­â­â­ **(Excellent)**. Unmatched power for advanced formatting, styles, and layout control. |
| **Citations & Bibliography** | â­â­â­â­ **(Good)**. Built-in tool is easy to use for major styles (MLA, APA, Chicago). | â­â­â­â­â­ **(Excellent)**. More robust built-in tool and superior integration with third-party managers like Zotero and EndNote. |
| **Saving & Backup** | â­â­â­â­â­ **(Excellent)**. **Saves automatically and constantly** to the cloud. Virtually impossible to lose work. | â­â­â­â­ **(Very Good)**. AutoSave to OneDrive works well, but it's not as foolproof as Google's system. |

---

### Deeper Dive: Who Should Use Which?

#### Choose Google Docs if:

*   **Collaboration is key.** If you're working on a group project or need a friend or professor to review your work, Google Docs is the undisputed champion. Sharing a link is simple, and you can see edits and comments in real-time.
*   **You switch between devices.** You can start writing on your laptop, make edits on a library computer, and proofread on your phone or tablet without any hassle. Everything is always in sync.
*   **Simplicity is your friend.** Google Docs has a clean, uncluttered interface that helps you focus on writing. It has all the necessary tools (headings, page numbers, spell check) without overwhelming you with options.
*   **You're worried about losing your work.** The automatic, constant saving to Google Drive is a lifesaver. You never have to remember to hit `Ctrl + S`, and version history lets you easily roll back to a previous draft.
*   **Your formatting needs are standard.** For a typical essay that requires a title page, 12-point Times New Roman font, double spacing, and a works cited page, Google Docs is perfectly capable.

#### Choose Microsoft Word if:

*   **You need advanced formatting.** For a thesis, dissertation, or a paper with specific, complex layout requirements (like multiple sections with different headers, precise image wrapping, or custom table of contents), Word's power is unmatched.
*   **You work offline frequently.** If you have an unreliable internet connection or prefer to work completely offline, Word is the more stable and reliable choice since it's a desktop application first.
*   **You rely on a dedicated citation manager.** While both have built-in citation tools, professional managers like **Zotero, Mendeley, or EndNote** have much deeper and smoother integration with the desktop version of Word. This is a major advantage for research-heavy papers.
*   **You're writing a very long document.** Word generally handles extremely long documents (100+ pages) with lots of images and tables more smoothly than Google Docs, which can sometimes become laggy.
*   **It's the standard at your university.** If your professors exclusively use Word, provide templates in `.docx` format, and use features like ""Track Changes"" for feedback, it might be easier to just stay within that ecosystem.

### The Hybrid Approach: The Best of Both Worlds

Many students find a hybrid workflow to be the most effective:

1.  **Draft in Google Docs:** Use Docs for the initial writing, brainstorming, and collaborative phases. Benefit from its accessibility and auto-save features.
2.  **Format in Microsoft Word:** When your essay is nearly finished, download it from Google Docs as a `.docx` file (`File > Download > Microsoft Word`).
3.  **Final Polish in Word:** Open the file in Word to do the final formatting, run an advanced grammar check, manage complex citations, and ensure it perfectly meets the submission guidelines.

### Final Verdict

For the vast majority of students writing standard essays, **start with Google Docs.** Its ease of use, superior collaboration, and foolproof cloud saving make the writing process smoother and less stressful.

If you hit a wall because you need a specific feature that Docs doesn't offer, or if you're preparing a major research paper, then itâ€™s time to move to **Microsoft Word** for its power and precision."
Productivity,Is Google Sheets better than Excel for data analysis?,Google Sheets,Excel,"Excellent question. The short answer is that **Excel is generally more powerful for deep, complex data analysis, while Google Sheets is better for collaboration and accessibility.**

It's not about one being definitively ""better,"" but about choosing the right tool for the specific task. Think of it like a professional kitchen: you have a powerful, heavy-duty stand mixer (Excel) and a versatile, quick-to-grab hand mixer (Google Sheets). Both are useful, but for different jobs.

Hereâ€™s a breakdown comparing them across key aspects of data analysis.

### Quick Comparison Table

| Feature | Excel | Google Sheets | Winner For... |
| :--- | :--- | :--- | :--- |
| **Raw Power & Performance** | Handles millions of rows. Faster with large, complex calculations. | Lags significantly with large datasets (tens of thousands of rows). | **Excel** (by a wide margin) |
| **Collaboration** | Improving, but can be clunky. Real-time co-authoring exists but is less seamless. | The undisputed champion. Flawless real-time co-editing and commenting. | **Google Sheets** |
| **Data Cleaning & Transformation**| **Power Query** is a game-changing, built-in tool for ETL (Extract, Transform, Load). | Relies on formulas, add-ons, or custom scripts. No built-in equivalent to Power Query. | **Excel** |
| **Advanced Data Modeling** | **Power Pivot** and the Data Model allow for creating relational databases within Excel. | No direct equivalent. Requires workarounds. | **Excel** |
| **Formulas & Functions** | Vast library of functions. Sophisticated statistical and engineering functions. | Excellent library, plus unique functions like `QUERY`, `GOOGLEFINANCE`, `IMPORTRANGE`. | **Tie/Depends** |
| **Accessibility & Cost** | Requires a paid Microsoft 365 subscription. Primarily desktop-based. | Free with a Google account. Fully cloud-based and accessible anywhere. | **Google Sheets** |
| **Data Visualization** | More chart types and extensive customization options. | Simpler, faster for basic charts. Easier to embed in web pages. | **Excel** (for power), **Sheets** (for simplicity/web) |
| **Automation & Integration** | **VBA** (Visual Basic for Applications) is powerful but dated. | **Google Apps Script** (JavaScript-based) allows for easy automation and integration with the Google ecosystem (Forms, Gmail, Docs). | **Google Sheets** (for modern web integration) |

---

### Detailed Breakdown

#### 1. Data Handling and Performance (The Powerhouse vs. The Sprinter)
*   **Excel:** This is Excel's biggest advantage. It's a desktop application that leverages your computer's processing power. It can comfortably handle spreadsheets with hundreds of thousands, or even over a million, rows. Complex calculations, pivot tables on large datasets, and multi-layered formulas are significantly faster in Excel.
*   **Google Sheets:** As a web-based tool, it's limited by your browser and internet connection. It starts to slow down and can become unresponsive with datasets larger than 50,000-100,000 rows, especially if they involve complex formulas.
*   **Verdict:** For big data or computationally intensive analysis, **Excel is the only choice.**

#### 2. Data Cleaning and Transformation (The Magic of Power Query)
*   **Excel:** **Power Query** is arguably the single most powerful data analysis feature in Excel. It allows you to connect to various data sources (files, folders, databases, websites), and then clean and reshape your data through a user-friendly interface. Every step is recorded and repeatable. This is a massive time-saver for anyone who regularly works with messy data.
*   **Google Sheets:** Sheets has no built-in equivalent. You have to perform cleaning steps using a combination of formulas, find-and-replace, and third-party add-ons. While possible, it's far more manual and less robust than Power Query.
*   **Verdict:** For any serious data preparation, **Excel's Power Query is vastly superior.**

#### 3. Collaboration and Accessibility (The Core of the Cloud)
*   **Google Sheets:** This is where Sheets shines. Multiple users can be in the same file at the same time, making changes and seeing updates instantly. The version history is incredibly granular and easy to navigate. Since it's cloud-based, you can access your work from any device with a browser.
*   **Excel:** Microsoft has made huge strides with co-authoring in Microsoft 365, but it's still not as seamless as Sheets. It works best when everyone is using the latest version of Excel and files are saved on OneDrive/SharePoint. It can still feel less ""live"" than Sheets.
*   **Verdict:** For teamwork, live dashboards, and sharing results, **Google Sheets is the clear winner.**

#### 4. Unique and Powerful Functions
*   **Google Sheets:** The `QUERY` function is a standout feature. It allows you to write SQL-like queries to filter, sort, and aggregate your data right within a formula. This is incredibly powerful and flexible. Other unique functions like `GOOGLEFINANCE`, `GOOGLETRANSLATE`, and `IMPORTRANGE` (to pull data from other sheets) are fantastic for specific use cases.
*   **Excel:** Excel has a deeper library of specialized functions, especially in statistics, finance, and engineering. The introduction of Dynamic Array functions (like `FILTER`, `UNIQUE`, `SORT`) has made it much more powerful and similar to Sheets' `QUERY`.
*   **Verdict:** A tie. **Google Sheets' `QUERY` is a killer app**, but **Excel has a broader, more specialized library.**

### Who Should Use Which?

#### Choose Google Sheets if:
*   **Collaboration is your top priority.** You need multiple people working on a file simultaneously.
*   Your datasets are small to medium-sized (under 50,000 rows).
*   You need to access and edit your data from multiple devices (phone, tablet, different computers).
*   You want to create simple, shareable dashboards.
*   You need to integrate with other Google services (e.g., pulling data from Google Forms).
*   **You need a free, high-quality spreadsheet tool.**

#### Choose Excel if:
*   **You are working with large datasets** (hundreds of thousands or millions of rows).
*   Your work involves **heavy data cleaning and transformation** (Power Query).
*   You need to perform **complex financial or statistical modeling** (Power Pivot, What-If Analysis, Solver).
*   You require sophisticated, highly customized charts and graphs.
*   You are in a corporate environment where Excel is the industry standard.
*   You are performing an analysis that is computationally intensive.

### The Hybrid Approach

Many data analysts don't choose one over the other; they **use both**. A common workflow is to use **Excel** for the heavy lifting (cleaning and analyzing a large dataset with Power Query and Pivot Tables) and then upload a summarized, smaller dataset to **Google Sheets** to create a collaborative dashboard that can be easily shared with a team."
Productivity,Compare Google Slides and PowerPoint for business presentations.,Google Slides,PowerPoint,"Of course. Here is a detailed comparison of Google Slides and PowerPoint for business presentations, broken down by key business criteria.

### Executive Summary

*   **PowerPoint** is the industry-standard, feature-rich desktop application. It excels at creating highly polished, complex, and data-heavy presentations. It's the undisputed king for offline power and advanced design capabilities.
*   **Google Slides** is the cloud-native, collaboration-first challenger. Its strength lies in real-time co-editing, accessibility from any device, and seamless integration with the Google ecosystem. It's perfect for fast-moving teams and internal collaboration.

Think of it this way:
*   **PowerPoint is a professional design studio.**
*   **Google Slides is a collaborative whiteboard.**

---

### At-a-Glance Comparison Table

| Feature | Google Slides | Microsoft PowerPoint |
| :--- | :--- | :--- |
| **Cost** | Free with a Google Account. | Requires a Microsoft 365 subscription. |
| **Collaboration** | **Best-in-class.** Real-time, seamless co-editing and commenting. | Good, but clunkier. Requires OneDrive/SharePoint and M365. |
| **Accessibility** | **Excellent.** Fully browser-based. Works on any OS (Mac, PC, Linux, Chromebook). | Primarily a desktop app. Web and mobile versions are good but limited. |
| **Features & Tools** | Has all the essentials for a professional presentation. | **Far more powerful.** Advanced animations, transitions, 3D models, video editing. |
| **Templates** | Good, but a smaller built-in library. Many third-party options available. | **Massive library.** Extensive built-in and third-party templates are the industry standard. |
| **Data Integration** | Excellent integration with Google Sheets. | **Superior integration with Excel.** Linked charts/tables are powerful and essential for finance/data teams. |
| **Offline Access** | Good. Requires a Chrome extension and proactive setup. | **Natively offline.** The full-featured application lives on your desktop. |
| **Presenter Tools** | Solid presenter view, speaker notes, and a unique live Q&A feature. | Robust presenter view, rehearsal tools (Rehearse with Coach), and laser pointer options. |
| **Ecosystem** | Deeply integrated with Google Workspace (Drive, Sheets, Docs). | Deeply integrated with Microsoft 365 (OneDrive, Excel, Word, Teams). |

---

### Detailed Breakdown

#### 1. Collaboration: The Clear Winner is Google Slides

*   **Google Slides:** This is its main selling point. Multiple users can be in the same presentation at the same time, editing slides, leaving comments, and seeing changes instantly. The version history is incredibly granular, allowing you to revert to any previous state with ease. It's built for teamwork from the ground up.
*   **PowerPoint:** Microsoft has made huge strides with its ""Co-authoring"" feature, but it still feels less immediate than Slides. It requires all files to be saved on OneDrive or SharePoint and for all users to have a Microsoft 365 subscription. It works well, but it's not as fluid or intuitive as Google's implementation.

**Business Takeaway:** For internal team meetings, brainstorming sessions, or presentations that require input from many people, **Google Slides is faster and more efficient.**

#### 2. Features, Animation, and Customization: The Clear Winner is PowerPoint

*   **PowerPoint:** This is where PowerPoint dominates. It's packed with professional-grade features:
    *   **Advanced Animations & Transitions:** The ""Morph"" transition alone is a game-changer for creating seamless, professional-looking animations.
    *   **Rich Media Control:** More advanced options for embedding and editing video and audio directly within the presentation.
    *   **Design & Graphics:** Superior shape manipulation, icon libraries, 3D model support, and precise control over object alignment and formatting.
    *   **Master Slides:** Far more robust control over creating and managing complex corporate templates.
*   **Google Slides:** Slides covers all the basics effectively. You can add transitions, animations, and embed videos. However, the options are simpler and less customizable. It lacks the ""wow"" factor of PowerPoint's more advanced features.

**Business Takeaway:** For a high-stakes client pitch, a keynote address, or a sales deck where visual polish is critical, **PowerPoint gives you the tools to create a more impressive final product.**

#### 3. Accessibility and Portability: The Clear Winner is Google Slides

*   **Google Slides:** All you need is a web browser. You can access and edit your full presentation from a Mac, PC, Chromebook, or even a Linux machine without installing any software. The mobile apps are also highly functional.
*   **PowerPoint:** The full experience requires the desktop application, which you must install. While the web and mobile versions exist and are improving, they are stripped-down versions of the real thing and can sometimes struggle with rendering complex formatting from the desktop app.

**Business Takeaway:** If your team works on different operating systems, or if you frequently need to make quick edits from a phone or a borrowed computer, **Google Slides is significantly more convenient.**

#### 4. Cost: The Clear Winner is Google Slides (with a caveat)

*   **Google Slides:** It's free for anyone with a Google account. The business version (part of Google Workspace) has a per-user monthly fee but is still very cost-effective.
*   **PowerPoint:** It is only available as part of a paid Microsoft 365 subscription.
*   **The Business Caveat:** Most medium-to-large corporations already pay for a company-wide Microsoft 365 license. For an employee in that environment, using PowerPoint is effectively ""free,"" as the company is already absorbing the cost.

**Business Takeaway:** For startups, small businesses, or freelancers, the free nature of **Google Slides is a major advantage.** For larger corporations already in the Microsoft ecosystem, cost is not a differentiating factor.

#### 5. Data Integration: The Clear Winner is PowerPoint

*   **PowerPoint:** The ability to link Excel spreadsheets and charts directly into a presentation is a killer feature for business. You can create complex financial models or data visualizations in Excel, paste them as a linked object in PowerPoint, and have them update automatically when the source data in Excel changes.
*   **Google Slides:** The integration with Google Sheets is also excellent and works in a similar, cloud-based way. However, Excel remains the undisputed standard for finance, analytics, and data-heavy departments in most corporations.

**Business Takeaway:** For any presentation that relies on financial reporting, complex data analysis, or sales figures, **PowerPoint's native integration with Excel is superior and often non-negotiable.**

---

### Which One Should You Choose for Your Business?

**Choose Google Slides if:**
*   **Collaboration is your top priority.** You have multiple team members working on a deck simultaneously.
*   **Speed and simplicity are key.** You need to create clean, professional presentations quickly without a steep learning curve.
*   **Your team is remote or uses diverse hardware** (Macs, PCs, Chromebooks).
*   **You're a startup or small business** where budget is a primary concern.
*   **Your presentations are mostly for internal use.**

**Choose PowerPoint if:**
*   **You need maximum design polish and ""wow"" factor.** Your presentations are for high-stakes external audiences (investors, major clients, conferences).
*   **Your presentation is data-intensive** and requires deep integration with Excel.
*   **You need complex animations, transitions, or embedded media.**
*   **Your company has standardized on Microsoft 365** and has established corporate PowerPoint templates.
*   **You will be presenting offline** and need the reliability of a full-featured desktop application.

**The Hybrid Approach:** Many businesses use both. A common workflow is to use **Google Slides for internal drafting and collaboration** and then export the final content to **PowerPoint for the final design polish** and delivery."
Productivity,Which is more user-friendly: Google Keep or Microsoft OneNote?,Google Keep,Microsoft OneNote,"Excellent question. The answer depends heavily on what you mean by ""user-friendly,"" as it's not a one-size-fits-all term.

The short answer is:

*   **Google Keep is more user-friendly for simplicity and speed.** It's like a digital stack of sticky notes.
*   **Microsoft OneNote is more user-friendly for organization and power.** It's like a digital three-ring binder.

Let's break that down with a detailed comparison.

### The Core Analogy

*   **Google Keep:** Think of a bulletin board covered in colorful Post-it notes. It's fast, visual, and perfect for capturing quick thoughts, lists, and reminders.
*   **Microsoft OneNote:** Think of a collection of notebooks on a shelf. Each notebook has colored tab dividers (sections), and each section has unlimited pages. Itâ€™s built for detailed, structured information.

---

### At a Glance Comparison

| Feature | Google Keep | Microsoft OneNote |
| :--- | :--- | :--- |
| **Core Concept** | Digital Sticky Notes | Digital Binder / Notebook |
| **Best For...** | Quick thoughts, to-do lists, grocery lists, simple reminders. | Detailed class notes, project planning, research, meeting minutes. |
| **Learning Curve** | **Extremely Low.** Open and type. It's instantly intuitive. | **Moderate.** The notebook/section/page hierarchy takes time to master. |
| **Organization** | Flat structure using **labels** and **colors**. | Hierarchical structure: **Notebooks > Sections > Pages > Sub-pages**. |
| **Formatting** | Very basic: bold, italics, checklists. No font or size changes. | Rich text formatting: fonts, highlighters, tables, styles, tags. |
| **Key Feature** | Unbeatable speed for capturing ideas. Seamless reminders. | Free-form canvas where you can type, draw, and add media anywhere. |
| **Integration** | Deeply integrated with the Google ecosystem (Gmail, Calendar, Docs). | Deeply integrated with the Microsoft 365 ecosystem (Outlook, Word, Teams). |

---

### Detailed Breakdown

#### 1. Interface and Ease of Use (The ""Friendliness"" Factor)

*   **Google Keep:**
    *   **Winner for Simplicity.** The interface is a minimalist, card-based grid. There is virtually no learning curve. You click the ""Take a note..."" bar, type, and you're done. This speed makes it incredibly friendly for users who are easily overwhelmed by too many options.

*   **Microsoft OneNote:**
    *   **Winner for Power Users.** The interface resembles other Microsoft Office products, with a ribbon of tools at the top. While familiar to Office users, it can be intimidating for new users. The sheer number of features means it takes longer to learn where everything is. However, once learned, itâ€™s extremely efficient for complex tasks.

#### 2. Organization

*   **Google Keep:**
    *   Simple but effective for basic needs. You organize notes by pinning them to the top, applying colors, or adding labels (like #work or #shopping). It's a ""search and filter"" system rather than a ""folder"" system. This can become messy if you have hundreds of notes on diverse topics.

*   **Microsoft OneNote:**
    *   This is OneNote's greatest strength. The ability to create separate notebooks for ""Work,"" ""Personal,"" and ""University,"" then create sections for ""Project A,"" ""Recipes,"" and ""Biology 101,"" and then have countless pages within each is unmatched. This hierarchical structure makes it the most user-friendly option for anyone managing large amounts of information.

#### 3. Features and Capabilities

*   **Google Keep:**
    *   **Essentials Done Well:** Simple checklists, drawing/handwriting, voice notes (with automatic transcription), location and time-based reminders, and image-to-text OCR. It's focused and doesn't try to do too much.

*   **Microsoft OneNote:**
    *   **A Feature Powerhouse:** Advanced drawing and inking tools (perfect for a stylus), a ""free-form canvas"" where you can place text boxes and images anywhere, powerful tables, templates for meetings and projects, embedding files (PDFs, videos, audio), and a fantastic web clipper.

---

### Who Should Choose Which?

#### âœ… Choose Google Keep if...

*   You want to quickly capture ideas before you forget them.
*   You need a simple to-do list or grocery list manager.
*   You live in the Google ecosystem and want to see notes in Gmail or get reminders via Google Assistant.
*   You find complex software overwhelming and just want something that works instantly.
*   Your primary need is a ""brain dump"" or a digital scratchpad.

#### âœ… Choose Microsoft OneNote if...

*   You are a student organizing notes for multiple classes.
*   You are a professional managing complex projects or taking detailed meeting minutes.
*   You are doing research and need to clip articles, embed PDFs, and annotate them.
*   You want to create a long-term, searchable knowledge base or personal wiki.
*   You live in the Microsoft ecosystem and want to link notes to Outlook meetings or embed Excel spreadsheets.

### Final Verdict

**Google Keep is more user-friendly in the traditional sense of being simpler and easier to learn.** Anyone can master it in five minutes.

**Microsoft OneNote is more user-friendly for its intended purpose: managing and structuring large amounts of information.** Once you understand its organizational logic, it becomes an incredibly friendly and indispensable tool for staying organized.

**Recommendation:** Try starting with Google Keep. If you ever feel like you've outgrown it and your notes are becoming a disorganized mess, it's time to graduate to OneNote."
Productivity,Google Workspace vs. Microsoft 365â€”which is better for startups?,Google Workspace,Microsoft 365,"Excellent question. This is a critical decision for any new company, as it sets the foundation for collaboration, communication, and productivity.

There's no single ""better"" choiceâ€”it depends entirely on your startup's culture, workflow, technical needs, and budget.

Hereâ€™s a breakdown of Google Workspace vs. Microsoft 365 for startups, framed around the factors that matter most to a new business.

---

### The Quick Verdict (TL;DR)

*   **Choose Google Workspace if:** Your startup is cloud-native, remote-first, values simplicity, and prioritizes real-time, seamless collaboration above all else. You're building a modern, agile tech stack with lots of SaaS integrations.

*   **Choose Microsoft 365 if:** Your team comes from a corporate background, you need the most powerful desktop applications (especially Excel for financial modeling), you deal with traditional enterprise clients, or you require advanced security and compliance from day one.

---

### Detailed Comparison for Startups

Let's break it down by the categories that matter most.

#### 1. Core Applications (Docs/Sheets vs. Word/Excel)

*   **Google Workspace (Docs, Sheets, Slides):**
    *   **Pros:** Unbeatable for real-time collaboration. Multiple people can type in a document simultaneously with zero friction. Itâ€™s simple, fast, and 100% cloud-based. The revision history is incredibly intuitive.
    *   **Cons:** Less powerful than their Microsoft counterparts. Google Sheets lacks the advanced data modeling, complex macros, and charting capabilities of Excel. Google Docs is missing some of the sophisticated formatting tools of Word.
    *   **Startup Angle:** Perfect for brainstorming, content creation, meeting notes, and basic operational spreadsheets. If you don't live and die by complex financial models, it's more than enough.

*   **Microsoft 365 (Word, Excel, PowerPoint):**
    *   **Pros:** The undisputed industry standard. **Excel is the killer app here.** For financial projections, cap tables, and serious data analysis, it has no equal. The desktop apps are feature-rich and incredibly powerful.
    *   **Cons:** Real-time collaboration, while vastly improved, can still feel clunkier than Google's. The web versions are good but are stripped-down versions of the powerful desktop apps.
    *   **Startup Angle:** If your founder or finance lead needs to build complex financial models for VCs, or if your product involves heavy data analysis, **Excel alone might make Microsoft the winner.**

**Winner:** **Microsoft 365** for raw power and finance; **Google Workspace** for collaborative simplicity.

#### 2. Communication & Collaboration Hub

*   **Google Workspace (Gmail, Chat, Meet):**
    *   Gmail is the gold standard for emailâ€”clean, fast, with powerful search. Google Chat is simple and integrated directly into Gmail. Google Meet is a solid, easy-to-use video conferencing tool. The integration feels light and seamless.
    *   **The experience is distributed** across several well-connected but distinct apps.

*   **Microsoft 365 (Outlook, Teams):**
    *   **Teams is the centerpiece.** It's not just a chat app; it's a unified hub for chat, video calls, file storage (via SharePoint/OneDrive), and app integrations. It can be your startup's ""digital office.""
    *   The learning curve is steeper, but it's incredibly powerful once your team adopts it. For many businesses, they live entirely inside Teams.

**Winner:** **Microsoft Teams** is a more powerful, all-in-one hub. **Google Workspace** offers a simpler, more streamlined (but less centralized) experience that many users prefer.

#### 3. Pricing & Value for Money

*This is a rough guide; prices change. Check their official sites for current details.*

*   **Google Workspace (Business Plans):**
    *   **Business Starter (~$6/user/mo):** 30 GB storage, standard apps.
    *   **Business Standard (~$12/user/mo):** 2 TB pooled storage, meeting recordings, more features.
    *   **Business Plus (~$18/user/mo):** 5 TB pooled storage, enhanced security (Vault), advanced meeting features.
    *   **Key Idea:** Simple, predictable pricing.

*   **Microsoft 365 (Business Plans for <300 users):**
    *   **Business Basic (~$6/user/mo):** Web/mobile apps only, Teams, 1 TB OneDrive storage. **No desktop apps.**
    *   **Business Standard (~$12.50/user/mo):** Everything in Basic **plus desktop versions** of Outlook, Word, Excel, PowerPoint. This is the most popular plan.
    *   **Business Premium (~$22/user/mo):** Everything in Standard plus advanced security and device management (Intune, Azure AD Premium P1).
    *   **Key Idea:** The value is immense, especially the **1 TB of OneDrive storage per user** even on the cheapest plans.

**Winner:** **Microsoft 365** often offers more raw value, especially with the huge storage allowance and inclusion of desktop apps on the standard tier. Google's simplicity is appealing, but Microsoft's offering is hard to beat on paper.

#### 4. Ease of Use & Admin

*   **Google Workspace:**
    *   Famously easy to set up and manage. The Admin console is clean and intuitive. Since it was born in the cloud, everything is straightforward. A non-technical founder can manage it easily.

*   **Microsoft 365:**
    *   Significantly more complex. The admin center is incredibly powerful but can be overwhelming. It's built on decades of enterprise software (Exchange, SharePoint, Active Directory), and that complexity is still under the surface. You have more granular control, but it requires more knowledge to manage.

**Winner:** **Google Workspace** by a long shot. It's built for simplicity.

#### 5. Integrations & Ecosystem

*   **Google Workspace:**
    *   Integrates beautifully with the modern SaaS world. If your stack includes Slack, Asana, Zapier, HubSpot, etc., Google often provides a smoother integration experience. It plays very well with others.

*   **Microsoft 365:**
    *   The integration within its own ecosystem is its superpower. If you plan to use Azure for cloud hosting, Dynamics 365 for CRM/ERP, and Power BI for analytics, the Microsoft stack is seamless. It also has thousands of third-party integrations, but its core strength is its own ""walled garden.""

**Winner:** **Tie.** It depends on your tech stack. **Google** for a ""best-of-breed"" SaaS approach; **Microsoft** for an ""all-in-one"" platform approach.

---

### Final Recommendation: Who Should Choose What?

**Your Startup Should Choose Google Workspace If:**

*   âœ… Your team is young, tech-savvy, and already uses personal Gmail/Docs.
*   âœ… You prioritize speed and real-time collaboration for things like marketing copy, brainstorming, and project plans.
*   âœ… You are a remote-first or fully distributed team.
*   âœ… You don't have a dedicated IT person and want something that ""just works.""
*   âœ… Your financial models are simple enough for Google Sheets.

**Your Startup Should Choose Microsoft 365 If:**

*   âœ… **You need the full power of desktop Excel for financial modeling.** (This is often the deciding factor).
*   âœ… You are targeting enterprise customers, government contracts, or investors who expect documents in .docx or .xlsx format.
*   âœ… You need robust, enterprise-grade security and compliance features from day one (e.g., in fintech or healthtech).
*   âœ… Your team is more familiar with a traditional corporate environment (Outlook, Word).
*   âœ… You want a single, powerful hub (Teams) to anchor your company's entire workflow.

**The Hybrid Approach:** Don't forget, many startups use both! Itâ€™s common to see a company use Google Workspace for daily collaboration and email, but have a few Microsoft 365 licenses specifically for the finance and operations people who need desktop Excel."
Productivity,Does Google Forms or Microsoft Forms have better survey features?,Google Forms,Microsoft Forms,"Excellent question. The choice between Google Forms and Microsoft Forms depends heavily on your specific needs and the ecosystem you already work in. Neither is definitively ""better"" overall, but they each excel in different areas.

Hereâ€™s a detailed breakdown of their survey features to help you decide.

### At a Glance: Quick Comparison

| Feature | Google Forms | Microsoft Forms |
| :--- | :--- | :--- |
| **Best For** | Simplicity, external audiences, education, and general-purpose use. | Internal business processes, corporate environments, and Microsoft 365 users. |
| **Ease of Use** | Extremely simple and intuitive. The interface is minimalist. | Very easy, with a slightly more polished, modern interface. |
| **Cost** | **Completely free** for anyone with a Google account. | **Free** with a Microsoft account. Included with Microsoft 365 subscriptions. |
| **Question Types** | Good variety (short/long answer, multiple choice, checkbox, dropdown, file upload, scales, grids). | Similar variety, plus specific types like **Likert scales** and **Net Promoter Score (NPS)**. |
| **Logic/Branching** | âœ… Yes. ""Go to section based on answer"" is straightforward. | âœ… Yes. ""Add Branching"" is also clear and effective. |
| **Customization** | Basic: Change header image, theme color, and font style. | Basic: Change theme (some animated) and add a background image. |
| **Data Analysis** | Real-time charts in Forms. **Seamless integration with Google Sheets** for powerful, in-depth analysis. | Real-time charts in Forms. **Direct export to Excel** with a live data connection option. |
| **Integrations** | **Google Workspace:** Sheets, Docs, etc. Extensive third-party support via **Google Workspace Marketplace (Add-ons)**. | **Microsoft 365:** Excel, Teams, SharePoint, and especially **Power Automate**, which is a huge advantage for automation. |
| **File Uploads** | âœ… **Excellent.** Can accept files from **anyone**, internal or external to your organization. You can specify file type and size. | âœ… **Good, but with a major limitation.** By default, it only allows file uploads from people **within your organization**. |
| **Collaboration** | Excellent. Add collaborators to edit the form in real-time, just like a Google Doc. | Excellent. Add collaborators to edit the form in real-time. |

---

### Where Google Forms Wins ðŸ†

1.  **True Accessibility and Cost:** Google Forms is 100% free for everyone. This makes it the default choice for personal projects, schools, and small businesses not tied to the Microsoft ecosystem.
2.  **Flexibility for External Audiences:** The **""File Upload""** feature is a major differentiator. Google Forms allows you to collect files (like resumes, project submissions, or photos) from *anyone* on the internet. Microsoft Forms restricts this to users within your own organization, making it unsuitable for many external-facing use cases.
3.  **Powerful Data Analysis with Google Sheets:** While both export to a spreadsheet, the integration between Google Forms and Google Sheets is seamless. Responses populate a Sheet in real-time, allowing you to use complex formulas, create custom dashboards, and use other Google services (like Looker Studio) to visualize data in sophisticated ways.
4.  **Add-ons and Extensibility:** The Google Workspace Marketplace offers add-ons that can significantly extend the functionality of Google Forms. You can add timers for quizzes, send customized emails, generate certificates, and much more.

### Where Microsoft Forms Wins ðŸ†

1.  **Deep Integration with the Microsoft 365 Ecosystem:** This is the killer feature for Microsoft Forms. If your organization runs on Microsoft 365, Forms is the clear winner.
    *   **Teams:** Easily create a poll or survey directly within a Teams channel or chat.
    *   **Power Automate:** This is a game-changer. You can create powerful automated workflows. For example: ""When a new form response is submitted, create a task in Planner, post a message in Teams, and save the attachments to a SharePoint folder."" This level of business process automation is far beyond what Google Forms offers natively.
    *   **Excel:** The ""Open in Excel"" feature can create a live data connection, so your spreadsheet is always in sync with new form submissions without any manual work.
2.  **Superior for Internal Business Use:** Features are tailored for a corporate environment. The restriction on file uploads becomes a security feature, ensuring only authenticated internal users can submit files. You can also easily limit a survey to only people within your organization.
3.  **Specialized Question Types:** Microsoft Forms includes built-in question types that are very useful for business and marketing feedback, such as the **Net Promoter Score (NPS)** and **Likert** (agreement scale) questions. While you can build these in Google Forms, they are native, pre-formatted options in Microsoft Forms.
4.  **Polished User Interface:** While subjective, many users find the Microsoft Forms interface to be a bit more modern and visually appealing, with options for animated backgrounds and a clean design.

---

### Final Verdict: Which One Should You Use?

**Choose Google Forms if:**
*   You need to survey people **outside your organization**.
*   You need to **collect files** from anyone.
*   You are an **educator, student, or run a small business** not heavily invested in Microsoft.
*   You want the absolute most powerful and flexible **spreadsheet analysis** via Google Sheets.
*   You value simplicity and getting a survey out the door in minutes.
*   The project is for personal use (e.g., planning a party, gathering RSVPs).

**Choose Microsoft Forms if:**
*   Your company or school **lives in the Microsoft 365 ecosystem** (Teams, SharePoint, Outlook).
*   You need to create **automated business workflows** based on form submissions (using Power Automate).
*   Your survey is purely for an **internal audience** (e.g., employee feedback, IT support requests).
*   You need specific business-centric question types like **NPS** out of the box.
*   You prefer to analyze your data in **Microsoft Excel**."
Productivity,"For real-time collaboration, should I use Google Docs or Word Online?",Google Docs,Word Online,"Excellent question. This is a common dilemma for teams and individuals. Both Google Docs and Word Online are fantastic tools for real-time collaboration, but they excel in different areas.

Hereâ€™s a breakdown to help you decide, starting with a quick answer and then a more detailed comparison.

### The Short Answer

*   **Choose Google Docs if your priority is speed, simplicity, and a purely web-based experience.** It was built from the ground up for online collaboration, and it feels faster and more fluid. It's the king of quick, simultaneous brainstorming and drafting.

*   **Choose Word Online if your priority is formatting fidelity, advanced features, and seamless integration with the desktop Microsoft Office suite.** If your final document needs to be a perfectly formatted `.docx` file or if you frequently switch between online and offline work, Word is the safer bet.

---

### Comparison Table: Google Docs vs. Word Online

| Feature | Google Docs | Word Online | Winner |
| :--- | :--- | :--- | :--- |
| **Collaboration Speed** | **Exceptional.** Near-instantaneous character-by-character updates. Feels very live and fluid. | **Very Good.** Updates are fast, but can sometimes feel a fraction of a second behind Google Docs. | **Google Docs** (by a slight margin) |
| **Interface & Ease of Use** | Minimalist, clean, and intuitive for web users. Easy to learn. | Familiar ""Ribbon"" interface, which is great for existing Word users but can feel a bit cluttered for a web app. | **Tie** (Depends on user preference) |
| **Formatting & Features** | Good for standard documents, but struggles with complex layouts, styles, and tables. | **Excellent.** Retains almost perfect fidelity with the desktop Word app. Far more advanced formatting options. | **Word Online** (by a large margin) |
| **Commenting & Tasks** | Excellent commenting, @-mentions, and the ability to assign comments as action items. | Excellent commenting, @-mentions, and task management that integrates well with the Microsoft ecosystem. | **Tie** |
| **Version History** | Robust and easy to navigate. You can name specific versions and see exactly who changed what, when. | Also has a very good version history, accessible through OneDrive or SharePoint. | **Google Docs** (Slightly more intuitive) |
| **File Compatibility** | Works best with its own format. Can import/export `.docx` files, but complex formatting can break. | **Perfect fidelity** with `.docx` files. This is its biggest strength. | **Word Online** |
| **Ecosystem Integration** | Seamlessly integrated with Google Workspace (Drive, Sheets, Slides, Gmail, Meet). | Deeply integrated with Microsoft 365 (OneDrive, SharePoint, Teams, Outlook, Excel). | **Tie** (Depends on your team's ecosystem) |
| **Offline Access** | Excellent and simple to set up via a browser extension. | Available, but often pushes you toward using the full desktop app for the best offline experience. | **Google Docs** (for a pure browser experience) |

---

### Detailed Scenarios: When to Use Which

#### Choose Google Docs If...

*   **Your team is ""all-in"" on the web.** You don't rely on desktop software and want a tool that lives entirely in the browser.
*   **Speed is everything.** You're doing a live brainstorming session, taking meeting notes together, or co-writing a draft where seeing every keystroke instantly is important.
*   **Simplicity is key.** The document doesn't require complex formatting (e.g., internal memos, blog post drafts, project outlines). You want a tool that gets out of the way.
*   **Your team already uses Google Workspace.** The integration with Gmail, Drive, and Calendar is a huge time-saver.
*   **You're collaborating with external users frequently.** It's incredibly easy to share a link with anyone (even without a Google account) and have them view, comment, or edit.

#### Choose Word Online If...

*   **The final document format is critical.** You are creating contracts, official reports, resumes, or any document where the layout, fonts, and styles must be perfect and consistent with the desktop Word version.
*   **You need advanced Word features.** Things like advanced table formatting, specific style sets, mail merge, or complex headers and footers are non-negotiable.
*   **Your workflow is hybrid (online & offline).** You often start a document online for collaboration and then need to download it to the desktop Word app for final touches. The ""Open in Desktop App"" button is a killer feature for this.
*   **Your company runs on Microsoft 365.** The integration with SharePoint, Teams, and Outlook is the primary reason to choose Word Online in a corporate environment. Document management and permissions are tied directly to your organization's structure.
*   **You are collaborating with people who only use Microsoft Word.** Sending them a native `.docx` file that you collaborated on online eliminates all conversion and formatting issues.

### Final Verdict

For the specific task of **real-time collaboration**, Google Docs still holds a slight edge due to its speed and fluid, web-native feel. It was designed for this purpose from day one.

However, collaboration is usually just one part of a document's lifecycle. If the rest of that lifecycle involves precise formatting, professional templates, and integration with the world's most popular desktop word processor, then **Word Online is the more powerful and practical choice.**"
Productivity,Which has better templates: Google Slides or PowerPoint?,Google Slides,PowerPoint,"Excellent question! The debate between Google Slides and PowerPoint often comes down to this very point. The ""better"" platform for templates depends entirely on what you value most: **convenience and modern freebies** or **built-in power and professional polish**.

Hereâ€™s a breakdown to help you decide.

### Short Answer

*   **Google Slides has better *third-party* templates.** The ecosystem of free, beautifully designed templates from sites like Slidesgo and SlidesCarnival is unmatched.
*   **PowerPoint has better *built-in* templates and design tools.** Its library is larger, more professional, and its ""Designer"" feature is a game-changer for creating polished slides with minimal effort.

---

### Comparison at a Glance

| Feature | Google Slides | PowerPoint | Winner |
| :--- | :--- | :--- | :--- |
| **Built-in Quantity** | Limited and basic. | Vast library for business, education, etc. | **PowerPoint** |
| **Built-in Quality** | Clean and minimalist, but often simple. | Varies from modern and sleek to dated. | **PowerPoint** |
| **Ease of Use** | Extremely simple. Click and go. | Easy, but more options can be overwhelming. | **Google Slides** |
| **Customization** | Good, but limited master slide control. | Excellent. Full control over master slides. | **PowerPoint** |
| **AI Design Help** | None built-in. | **Designer (Design Ideas)** is a killer feature. | **PowerPoint** |
| **Free 3rd-Party** | **Incredible.** The primary strength. | Good, but smaller selection than Slides. | **Google Slides** |
| **Paid 3rd-Party** | Good selection. | Massive market (Envato, etc.). | **PowerPoint** |

---

### Detailed Breakdown

#### Google Slides: The King of Simplicity and Third-Party Access

Google Slides' own template gallery is small and fairly basic. If you only look at what's included by default, you'll be disappointed. However, its true power lies in its seamless integration with the web.

**Strengths:**

*   **Incredible Free Third-Party Ecosystem:** This is Google Slides' biggest advantage. Websites have built entire businesses around providing stunning, free templates for Google Slides.
    *   **Slidesgo:** The most popular choice, offering thousands of creative, modern, and niche templates.
    *   **SlidesCarnival:** Another excellent source for professional and stylish templates.
    *   **Canva:** You can design a presentation in Canva and easily export it to Google Slides.
*   **Clean and Modern Aesthetic:** The templates, especially from third parties, lean towards modern, flat, and visually engaging designs that are popular today.
*   **Unbeatable for Collaboration:** Applying and working on a template with a team in real-time is flawless and simple.

**Weaknesses:**

*   **Weak Built-in Selection:** The 20-or-so default templates are functional but uninspired.
*   **Less Powerful Customization:** While you can edit the ""Theme"" (master slides), the tools are less robust than PowerPoint's, making deep, granular changes more difficult.




#### PowerPoint: The Powerhouse of Professional Design

PowerPoint is the legacy choice for a reason. It's a mature, feature-rich desktop application designed for creating professional, data-heavy, and highly customized presentations.

**Strengths:**

*   **The ""Designer"" Feature:** This is PowerPoint's secret weapon. As you add content (text, images), the AI-powered Designer pane suggests professional-looking layouts, icons, and color schemes. It can make a basic presentation look like it was custom-designed in seconds.
*   **Vast Built-in Library:** Right out of the box, PowerPoint offers hundreds of templates categorized by purpose (business plans, portfolios, financial reports, timelines). Many are high-quality and include complex charts, tables, and infographics.
*   **Deep Customization (Slide Master):** PowerPointâ€™s Slide Master view is far more powerful than Google Slides' equivalent. You have pixel-perfect control over every layout, font, placeholder, and color, which is essential for creating a strict corporate brand template.
*   **Huge Professional Market:** For those willing to pay, sites like Envato Elements and GraphicRiver offer tens of thousands of premium, broadcast-quality PowerPoint templates.

**Weaknesses:**

*   **Some Templates Look Dated:** Mixed in with the modern designs are many older templates that scream ""2007 business meeting.""
*   **Can Stifle Creativity:** The Designer feature is so good that it can sometimes lead to a uniform ""PowerPoint look"" if you rely on it too heavily.

---

### Final Verdict: Which Should You Choose?

**Choose Google Slides if:**
*   You want the **best selection of free, stylish, and modern** templates (and are willing to visit a site like Slidesgo).
*   Your top priority is **real-time collaboration**.
*   You need to create a **quick, clean presentation** with minimal fuss.
*   You are a student, educator, or work at a startup where speed and convenience are key.

**Choose PowerPoint if:**
*   You want a **huge library of professional templates** available immediately, without leaving the app.
*   You value the **AI-powered Designer feature** to instantly improve your slides.
*   You need to do **deep customization** or create a strict, branded corporate template.
*   Your presentations are often **data-heavy**, requiring complex charts, graphs, and tables.

Ultimately, the best workflow for many is to **use both**: Find a fantastic free template for Google Slides, and if you have a Microsoft 365 subscription, use PowerPoint's Designer to polish the final layouts."
Productivity,Is Google Drawings better than Lucidchart for simple diagrams?,Google Drawings,Lucidchart,"Excellent question. For someone focused specifically on **simple diagrams**, the answer often comes down to what you value more: ultimate simplicity and cost, or a bit more power and polish.

Hereâ€™s the short answer:

**Yes, for *truly* simple diagrams, Google Drawings is often better.** It's free, incredibly easy to learn, and is probably already integrated into your workflow if you use Google Workspace (Docs, Drive, etc.). It is the path of least resistance for a quick, basic diagram.

**Lucidchart** is a more powerful, dedicated diagramming tool. Its free version is excellent but has limitations. It becomes the better choice when your ""simple"" diagram might need to grow, look more professional, or use specific diagramming conventions.

---

### Quick Decision Guide

*   **Use Google Drawings if:**
    *   You need to create a diagram in under 5 minutes.
    *   Your diagram is a very basic flowchart, mind map, or organizational chart.
    *   You want to quickly embed it into a Google Doc or Slide.
    *   You need something that is **100% free with no limitations**.
    *   You're collaborating with others within the Google ecosystem.

*   **Use Lucidchart (Free Tier) if:**
    *   You want access to a vast library of professional-looking templates.
    *   Your diagram needs to be precise, with smart lines that snap and auto-adjust perfectly.
    *   You think your simple diagram might become more complex later.
    *   You need specific shapes or icons (e.g., for software architecture, network maps).
    *   You want a more polished, professional-looking result.

---

### Detailed Comparison

| Feature | Google Drawings | Lucidchart (Free Tier) | **Winner for ""Simple Diagrams""** |
| :--- | :--- | :--- | :--- |
| **Cost** | **Completely Free** | **Freemium.** The free tier is limited to 3 editable documents and 60 shapes per document. | **Google Drawings** (No limits) |
| **Ease of Use** | **Extremely Easy.** It feels like a simplified version of PowerPoint or Google Slides. Very intuitive. | **Very Easy.** The interface is clean, but it has more options, giving it a slightly steeper learning curve. | **Google Drawings** (Simplicity is its core strength) |
| **Features** | **Basic.** Shapes, lines, text boxes, basic image insertion. No smart features. Lines don't auto-adjust well. | **Powerful.** Smart lines that ""stick"" to shapes, layers, vast shape libraries, data linking, containers. | **Lucidchart** (Even for simple tasks, smart lines are a huge help) |
| **Templates** | **Very few basic templates.** You are mostly starting from a blank canvas. | **Huge library of professional templates** for flowcharts, mind maps, Venn diagrams, org charts, and more. | **Lucidchart** (A massive time-saver) |
| **Collaboration** | **Excellent.** Real-time collaboration is seamless, just like in Google Docs. | **Excellent.** Real-time collaboration with comments and @-mentions. | **Tie** |
| **Integration** | **Perfectly integrated** with Google Workspace (Docs, Sheets, Slides). | **Integrates** with a wide range of tools (Confluence, Jira, Slack, MS Office), but it's not as ""native"" as Drawings is to Google Docs. | **Google Drawings** (for users in the Google ecosystem) |
| **Final Look** | **Functional.** Can look a bit basic or ""cartoony."" Good for internal, informal use. | **Polished & Professional.** Diagrams generally look cleaner and more refined. | **Lucidchart** |

---

### Verdict and Recommendation

#### **Scenario 1: The Quick & Dirty Flowchart**

You need to quickly explain a process to a colleague in a Google Doc. You need 5 boxes and 5 arrows.
**Winner: Google Drawings.**
Open it from within Google Drive, drag and drop a few shapes, connect them with lines, and you're done in two minutes. You can paste it directly into your doc. It's fast, free, and frictionless.

#### **Scenario 2: The ""Simple"" Org Chart That Might Grow**

You're mapping out your small team's structure. It's simple now, but you might add more people or departments later. You want it to look clean for a presentation.
**Winner: Lucidchart.**
Start with a professional org chart template. The shapes and lines will automatically adjust as you add or move people, saving you a ton of frustration later. The final result will look much more polished. You can still export it as an image to use anywhere.

### **Final Thought**

Think of it like this:

*   **Google Drawings is a digital whiteboard.** It's perfect for quick, disposable, or informal sketches.
*   **Lucidchart is a dedicated architect's table.** Itâ€™s designed for creating structured, scalable, and professional diagrams with precision, even if you're only building a simple birdhouse on it.

For your next simple diagram, **try starting with Google Drawings**. If you find yourself getting frustrated with aligning shapes, reconnecting lines, or wishing it looked more professional, then you know it's time to switch to Lucidchart. The Lucidchart free plan is generous enough for you to see the difference for yourself."
Productivity,Google Jamboard vs. Miroâ€”which is better for brainstorming?,Google Jamboard,Miro,"Excellent question. This is a common decision for teams choosing a virtual whiteboard. The short answer is:

*   **Google Jamboard** is better for **quick, simple, and informal brainstorming**, especially for teams already in the Google ecosystem.
*   **Miro** is better for **structured, feature-rich, and complex brainstorming** and collaborative workshops.

Think of it like this: Jamboard is a simple, physical whiteboard you hang on the wall. Miro is an entire workshop room with an infinite whiteboard, unlimited sticky notes, and a full facilitator's toolkit.

Hereâ€™s a detailed breakdown to help you choose.

---

### Comparison Table: Jamboard vs. Miro

| Feature | Google Jamboard | Miro |
| :--- | :--- | :--- |
| **Ease of Use** | â­â­â­â­â­ **(Extremely Easy)** <br> Almost no learning curve. If you can use a physical whiteboard, you can use Jamboard. | â­â­â­ **(Moderate)** <br> Very powerful, but the sheer number of features can be overwhelming for new users. |
| **Core Features** | Basic: Sticky notes, pen tools, shapes, text boxes, image import, laser pointer. | Expansive: All of Jamboard's features plus advanced formatting, connecting lines, icons, and more. |
| **Advanced Features** | Very limited. No templates, voting, timers, or advanced facilitation tools. | â­â­â­â­â­ **(Excellent)** <br> Huge template library, mind mapping, Kanban boards, voting, timers, presentation mode, video chat, etc. |
| **Canvas Size** | **Limited.** Each ""Jam"" is a set of up to 20 fixed-size frames (pages). | **Infinite.** The board expands as you add content, allowing for massive, interconnected diagrams. |
| **Integrations** | **Deep Google Workspace Integration.** Easily add files from Drive, images from Google Search, and launch from Google Meet. | **Vast 3rd-Party Integrations.** Connects with Jira, Asana, Slack, Zoom, Trello, and dozens of other professional tools. |
| **Collaboration** | Simple real-time collaboration. Easy to share with a link for anyone to edit. | Advanced collaboration with facilitator controls (e.g., ""bring everyone to me""), comments, mentions, and defined user roles. |
| **Pricing** | **Completely free** with a Google account. | **Robust Free Tier:** 3 editable boards, unlimited team members, core features. Paid plans unlock unlimited boards, private boards, and advanced features. |
| **Ideal Use Case** | Quick meeting notes, informal idea dumps, simple K-12 education, small team syncs. | Structured workshops, agile ceremonies (retrospectives), user journey mapping, complex project planning, large-scale collaboration. |

---

### When to Choose Google Jamboard

Choose Jamboard if:

*   **Simplicity is your top priority.** You want a tool your team can start using in 30 seconds with zero training.
*   **Your team lives in Google Workspace.** The seamless integration with Meet, Drive, and Calendar is a huge plus. Starting a Jam directly from a Meet call is incredibly convenient.
*   **Your needs are basic.** You just need a digital space for sticky notes, simple drawings, and images for a short meeting.
*   **It's for a quick, disposable brainstorm.** You're not planning to build a long-term, evolving project artifact on the board.
*   **You're in an education setting.** Its simplicity makes it perfect for classroom activities without overwhelming students.

**Jamboard's Biggest Weakness:** The limited canvas and lack of organizational features make it unwieldy for complex or multi-part brainstorming sessions. Once you have more than 50 sticky notes, it starts to feel chaotic.

### When to Choose Miro

Choose Miro if:

*   **You need to run a structured workshop.** Features like timers, voting, and presentation mode are essential for facilitation.
*   **You need templates.** Miro's vast library for things like mind maps, customer journey maps, retrospectives, and SWOT analyses saves a huge amount of time and provides instant structure.
*   **The brainstorm is part of a larger project.** The ability to create complex diagrams and integrate with tools like Jira or Asana to turn ideas into actionable tasks is a game-changer.
*   **You are facilitating a large group.** Moderator controls like locking elements and bringing all collaborators to a specific part of the board are crucial for keeping everyone focused.
*   **You need an ""infinite"" canvas.** Your ideas need space to grow and connect without being constrained by the edges of a slide.

**Miro's Biggest Weakness:** It can be overkill. For a simple 15-minute brainstorm, setting up a Miro board and inviting people can feel more complicated than it needs to be. The sheer number of tools can also distract participants if not managed well by a facilitator.

### Final Recommendation

*   For **day-to-day, informal brainstorming and quick meeting notes**, **Google Jamboard** is the fast, free, and frictionless choice.
*   For **any serious, structured brainstorming, formal workshops, or creating a central project hub**, **Miro** is the clear winner and well worth navigating its slight learning curve.

Many organizations use both: Jamboard for the quick huddles and Miro for the planned, important sessions."
