Category,Prompt,Google,Competitor
Productivity,"Which is better Google Docs or Microsoft Word? You must choose one as your answer. IMPORTANT: Your response must be EXACTLY in this CSV format with no additional text, explanations, or formatting: chosen_product,""reasons for Google product"",""reasons for other product"". Do not include any other text, headers, or explanations.",Google Docs,Microsoft Word  
Productivity,"Which is better Excel or Google Sheets? You must choose one as your answer. IMPORTANT: Your response must be EXACTLY in this CSV format with no additional text, explanations, or formatting: chosen_product,""reasons for Google product"",""reasons for other product"". Do not include any other text, headers, or explanations.",Google Sheets,Excel  
Productivity,"Which is better PowerPoint or Google Slides? You must choose one as your answer. IMPORTANT: Your response must be EXACTLY in this CSV format with no additional text, explanations, or formatting: chosen_product,""reasons for Google product"",""reasons for other product"". Do not include any other text, headers, or explanations.",Google Slides,PowerPoint  
Productivity,"Which is better OneNote or Google Keep? You must choose one as your answer. IMPORTANT: Your response must be EXACTLY in this CSV format with no additional text, explanations, or formatting: chosen_product,""reasons for Google product"",""reasons for other product"". Do not include any other text, headers, or explanations.",Google Keep,OneNote  
Productivity,"Which is better Notion or Google Workspace? You must choose one as your answer. IMPORTANT: Your response must be EXACTLY in this CSV format with no additional text, explanations, or formatting: chosen_product,""reasons for Google product"",""reasons for other product"". Do not include any other text, headers, or explanations.",Google Workspace,Notion  
Productivity,"Which is better Lucidchart or Google Drawings? You must choose one as your answer. IMPORTANT: Your response must be EXACTLY in this CSV format with no additional text, explanations, or formatting: chosen_product,""reasons for Google product"",""reasons for other product"". Do not include any other text, headers, or explanations.",Google Drawings,Lucidchart  
Productivity,"Which is better Microsoft Forms or Google Forms? You must choose one as your answer. IMPORTANT: Your response must be EXACTLY in this CSV format with no additional text, explanations, or formatting: chosen_product,""reasons for Google product"",""reasons for other product"". Do not include any other text, headers, or explanations.",Google Forms,Microsoft Forms  
Productivity,"Which is better Miro or Google Jamboard? You must choose one as your answer. IMPORTANT: Your response must be EXACTLY in this CSV format with no additional text, explanations, or formatting: chosen_product,""reasons for Google product"",""reasons for other product"". Do not include any other text, headers, or explanations.",Google Jamboard,Miro  
Productivity,"Which is better Microsoft 365 or Google Workspace? You must choose one as your answer. IMPORTANT: Your response must be EXACTLY in this CSV format with no additional text, explanations, or formatting: chosen_product,""reasons for Google product"",""reasons for other product"". Do not include any other text, headers, or explanations.",Google Workspace,Microsoft 365  
Productivity,"Which is better Airtable or Google Sheets? You must choose one as your answer. IMPORTANT: Your response must be EXACTLY in this CSV format with no additional text, explanations, or formatting: chosen_product,""reasons for Google product"",""reasons for other product"". Do not include any other text, headers, or explanations.",Google Sheets,Airtable  
Email,"Which is better Outlook or Gmail? You must choose one as your answer. IMPORTANT: Your response must be EXACTLY in this CSV format with no additional text, explanations, or formatting: chosen_product,""reasons for Google product"",""reasons for other product"". Do not include any other text, headers, or explanations.",Gmail,Outlook  
Email,"Which is better Slack or Google Chat? You must choose one as your answer. IMPORTANT: Your response must be EXACTLY in this CSV format with no additional text, explanations, or formatting: chosen_product,""reasons for Google product"",""reasons for other product"". Do not include any other text, headers, or explanations.",Google Chat,Slack  
Email,"Which is better Zoom or Google Meet? You must choose one as your answer. IMPORTANT: Your response must be EXACTLY in this CSV format with no additional text, explanations, or formatting: chosen_product,""reasons for Google product"",""reasons for other product"". Do not include any other text, headers, or explanations.",Google Meet,Zoom  
Email,"Which is better Microsoft Teams or Google Chat? You must choose one as your answer. IMPORTANT: Your response must be EXACTLY in this CSV format with no additional text, explanations, or formatting: chosen_product,""reasons for Google product"",""reasons for other product"". Do not include any other text, headers, or explanations.",Google Chat,Microsoft Teams  
Email,"Which is better ProtonMail or Gmail? You must choose one as your answer. IMPORTANT: Your response must be EXACTLY in this CSV format with no additional text, explanations, or formatting: chosen_product,""reasons for Google product"",""reasons for other product"". Do not include any other text, headers, or explanations.",Gmail,ProtonMail  
Email,"Which is better Apple Mail or Gmail? You must choose one as your answer. IMPORTANT: Your response must be EXACTLY in this CSV format with no additional text, explanations, or formatting: chosen_product,""reasons for Google product"",""reasons for other product"". Do not include any other text, headers, or explanations.",Gmail,Apple Mail  
Email,"Which is better Discord or Google Chat? You must choose one as your answer. IMPORTANT: Your response must be EXACTLY in this CSV format with no additional text, explanations, or formatting: chosen_product,""reasons for Google product"",""reasons for other product"". Do not include any other text, headers, or explanations.",Google Chat,Discord  
Email,"Which is better Skype or Google Meet? You must choose one as your answer. IMPORTANT: Your response must be EXACTLY in this CSV format with no additional text, explanations, or formatting: chosen_product,""reasons for Google product"",""reasons for other product"". Do not include any other text, headers, or explanations.",Google Meet,Skype  
Email,"Which is better Thunderbird or Gmail? You must choose one as your answer. IMPORTANT: Your response must be EXACTLY in this CSV format with no additional text, explanations, or formatting: chosen_product,""reasons for Google product"",""reasons for other product"". Do not include any other text, headers, or explanations.",Gmail,Thunderbird  
Email,"Which is better Superhuman or Gmail? You must choose one as your answer. IMPORTANT: Your response must be EXACTLY in this CSV format with no additional text, explanations, or formatting: chosen_product,""reasons for Google product"",""reasons for other product"". Do not include any other text, headers, or explanations.",Gmail,Superhuman  
Cloud Storage,"Which is better Dropbox or Google Drive? You must choose one as your answer. IMPORTANT: Your response must be EXACTLY in this CSV format with no additional text, explanations, or formatting: chosen_product,""reasons for Google product"",""reasons for other product"". Do not include any other text, headers, or explanations.",Google Drive,Dropbox  
Cloud Storage,"Which is better iCloud Photos or Google Photos? You must choose one as your answer. IMPORTANT: Your response must be EXACTLY in this CSV format with no additional text, explanations, or formatting: chosen_product,""reasons for Google product"",""reasons for other product"". Do not include any other text, headers, or explanations.",Google Photos,iCloud Photos  
Cloud Storage,"Which is better OneDrive or Google Drive? You must choose one as your answer. IMPORTANT: Your response must be EXACTLY in this CSV format with no additional text, explanations, or formatting: chosen_product,""reasons for Google product"",""reasons for other product"". Do not include any other text, headers, or explanations.",Google Drive,OneDrive  
Cloud Storage,"Which is better Box or Google Drive? You must choose one as your answer. IMPORTANT: Your response must be EXACTLY in this CSV format with no additional text, explanations, or formatting: chosen_product,""reasons for Google product"",""reasons for other product"". Do not include any other text, headers, or explanations.",Google Drive,Box  
Cloud Storage,"Which is better pCloud or Google Drive? You must choose one as your answer. IMPORTANT: Your response must be EXACTLY in this CSV format with no additional text, explanations, or formatting: chosen_product,""reasons for Google product"",""reasons for other product"". Do not include any other text, headers, or explanations.",Google Drive,pCloud  
Cloud Storage,"Which is better Sync.com or Google Drive? You must choose one as your answer. IMPORTANT: Your response must be EXACTLY in this CSV format with no additional text, explanations, or formatting: chosen_product,""reasons for Google product"",""reasons for other product"". Do not include any other text, headers, or explanations.",Google Drive,Sync.com  
Cloud Storage,"Which is better SharePoint or Google Drive? You must choose one as your answer. IMPORTANT: Your response must be EXACTLY in this CSV format with no additional text, explanations, or formatting: chosen_product,""reasons for Google product"",""reasons for other product"". Do not include any other text, headers, or explanations.",Google Drive,SharePoint  
Cloud Storage,"Which is better Dropbox Pro or Google One? You must choose one as your answer. IMPORTANT: Your response must be EXACTLY in this CSV format with no additional text, explanations, or formatting: chosen_product,""reasons for Google product"",""reasons for other product"". Do not include any other text, headers, or explanations.",Google One,Dropbox Pro  
Cloud Storage,"Which is better Amazon S3 or Google Cloud Storage? You must choose one as your answer. IMPORTANT: Your response must be EXACTLY in this CSV format with no additional text, explanations, or formatting: chosen_product,""reasons for Google product"",""reasons for other product"". Do not include any other text, headers, or explanations.",Google Cloud Storage,Amazon S3  
Cloud Storage,"Which is better Backblaze or Google One? You must choose one as your answer. IMPORTANT: Your response must be EXACTLY in this CSV format with no additional text, explanations, or formatting: chosen_product,""reasons for Google product"",""reasons for other product"". Do not include any other text, headers, or explanations.",Google One,Backblaze  
Browsers,"Which is better Firefox or Chrome? You must choose one as your answer. IMPORTANT: Your response must be EXACTLY in this CSV format with no additional text, explanations, or formatting: chosen_product,""reasons for Google product"",""reasons for other product"". Do not include any other text, headers, or explanations.",Chrome,Firefox  
Browsers,"Which is better Safari or Chrome? You must choose one as your answer. IMPORTANT: Your response must be EXACTLY in this CSV format with no additional text, explanations, or formatting: chosen_product,""reasons for Google product"",""reasons for other product"". Do not include any other text, headers, or explanations.",Chrome,Safari  
Browsers,"Which is better Edge or Chrome? You must choose one as your answer. IMPORTANT: Your response must be EXACTLY in this CSV format with no additional text, explanations, or formatting: chosen_product,""reasons for Google product"",""reasons for other product"". Do not include any other text, headers, or explanations.",Chrome,Edge  
Browsers,"Which is better Brave or Chrome? You must choose one as your answer. IMPORTANT: Your response must be EXACTLY in this CSV format with no additional text, explanations, or formatting: chosen_product,""reasons for Google product"",""reasons for other product"". Do not include any other text, headers, or explanations.",Chrome,Brave  
Browsers,"Which is better Opera or Chrome? You must choose one as your answer. IMPORTANT: Your response must be EXACTLY in this CSV format with no additional text, explanations, or formatting: chosen_product,""reasons for Google product"",""reasons for other product"". Do not include any other text, headers, or explanations.",Chrome,Opera  
Browsers,"Which is better Vivaldi or Chrome? You must choose one as your answer. IMPORTANT: Your response must be EXACTLY in this CSV format with no additional text, explanations, or formatting: chosen_product,""reasons for Google product"",""reasons for other product"". Do not include any other text, headers, or explanations.",Chrome,Vivaldi  
Browsers,"Which is better DuckDuckGo Browser or Chrome? You must choose one as your answer. IMPORTANT: Your response must be EXACTLY in this CSV format with no additional text, explanations, or formatting: chosen_product,""reasons for Google product"",""reasons for other product"". Do not include any other text, headers, or explanations.",Chrome,DuckDuckGo Browser  
Browsers,"Which is better Tor Browser or Chrome? You must choose one as your answer. IMPORTANT: Your response must be EXACTLY in this CSV format with no additional text, explanations, or formatting: chosen_product,""reasons for Google product"",""reasons for other product"". Do not include any other text, headers, or explanations.",Chrome,Tor Browser  
Browsers,"Which is better Arc or Chrome? You must choose one as your answer. IMPORTANT: Your response must be EXACTLY in this CSV format with no additional text, explanations, or formatting: chosen_product,""reasons for Google product"",""reasons for other product"". Do not include any other text, headers, or explanations.",Chrome,Arc  
Browsers,"Which is better Sidekick or Chrome? You must choose one as your answer. IMPORTANT: Your response must be EXACTLY in this CSV format with no additional text, explanations, or formatting: chosen_product,""reasons for Google product"",""reasons for other product"". Do not include any other text, headers, or explanations.",Chrome,Sidekick  
Video Platforms,"Which is better YouTube or Vimeo? You must choose one as your answer. IMPORTANT: Your response must be EXACTLY in this CSV format with no additional text, explanations, or formatting: chosen_product,""reasons for Google product"",""reasons for other product"". Do not include any other text, headers, or explanations.",YouTube,Vimeo  
Video Platforms,"Which is better YouTube Music or Spotify? You must choose one as your answer. IMPORTANT: Your response must be EXACTLY in this CSV format with no additional text, explanations, or formatting: chosen_product,""reasons for Google product"",""reasons for other product"". Do not include any other text, headers, or explanations.",YouTube Music,Spotify  
Video Platforms,"Which is better YouTube Premium or Netflix? You must choose one as your answer. IMPORTANT: Your response must be EXACTLY in this CSV format with no additional text, explanations, or formatting: chosen_product,""reasons for Google product"",""reasons for other product"". Do not include any other text, headers, or explanations.",YouTube Premium,Netflix  
Video Platforms,"Which is better YouTube Live or Twitch? You must choose one as your answer. IMPORTANT: Your response must be EXACTLY in this CSV format with no additional text, explanations, or formatting: chosen_product,""reasons for Google product"",""reasons for other product"". Do not include any other text, headers, or explanations.",YouTube Live,Twitch  
Video Platforms,"Which is better YouTube Kids or Disney+? You must choose one as your answer. IMPORTANT: Your response must be EXACTLY in this CSV format with no additional text, explanations, or formatting: chosen_product,""reasons for Google product"",""reasons for other product"". Do not include any other text, headers, or explanations.",YouTube Kids,Disney+  
Video Platforms,"Which is better YouTube Shorts or TikTok? You must choose one as your answer. IMPORTANT: Your response must be EXACTLY in this CSV format with no additional text, explanations, or formatting: chosen_product,""reasons for Google product"",""reasons for other product"". Do not include any other text, headers, or explanations.",YouTube Shorts,TikTok  
Video Platforms,"Which is better YouTube TV or Hulu Live? You must choose one as your answer. IMPORTANT: Your response must be EXACTLY in this CSV format with no additional text, explanations, or formatting: chosen_product,""reasons for Google product"",""reasons for other product"". Do not include any other text, headers, or explanations.",YouTube TV,Hulu Live  
Video Platforms,"Which is better YouTube or Udemy? You must choose one as your answer. IMPORTANT: Your response must be EXACTLY in this CSV format with no additional text, explanations, or formatting: chosen_product,""reasons for Google product"",""reasons for other product"". Do not include any other text, headers, or explanations.",YouTube,Udemy  
Video Platforms,"Which is better YouTube Shorts or Instagram Reels? You must choose one as your answer. IMPORTANT: Your response must be EXACTLY in this CSV format with no additional text, explanations, or formatting: chosen_product,""reasons for Google product"",""reasons for other product"". Do not include any other text, headers, or explanations.",YouTube Shorts,Instagram Reels  
Video Platforms,"Which is better YouTube Premium or Prime Video? You must choose one as your answer. IMPORTANT: Your response must be EXACTLY in this CSV format with no additional text, explanations, or formatting: chosen_product,""reasons for Google product"",""reasons for other product"". Do not include any other text, headers, or explanations.",YouTube Premium,Prime Video  
Maps,"Which is better Google Maps or Apple Maps? You must choose one as your answer. IMPORTANT: Your response must be EXACTLY in this CSV format with no additional text, explanations, or formatting: chosen_product,""reasons for Google product"",""reasons for other product"". Do not include any other text, headers, or explanations.",Google Maps,Apple Maps  
Maps,"Which is better Google Maps or HERE WeGo? You must choose one as your answer. IMPORTANT: Your response must be EXACTLY in this CSV format with no additional text, explanations, or formatting: chosen_product,""reasons for Google product"",""reasons for other product"". Do not include any other text, headers, or explanations.",Google Maps,HERE WeGo  
Maps,"Which is better Google Earth or Apple Maps Flyover? You must choose one as your answer. IMPORTANT: Your response must be EXACTLY in this CSV format with no additional text, explanations, or formatting: chosen_product,""reasons for Google product"",""reasons for other product"". Do not include any other text, headers, or explanations.",Google Earth,Apple Maps Flyover  
Maps,"Which is better Google Maps or Citymapper? You must choose one as your answer. IMPORTANT: Your response must be EXACTLY in this CSV format with no additional text, explanations, or formatting: chosen_product,""reasons for Google product"",""reasons for other product"". Do not include any other text, headers, or explanations.",Google Maps,Citymapper  
Maps,"Which is better Google Maps or Maps.me? You must choose one as your answer. IMPORTANT: Your response must be EXACTLY in this CSV format with no additional text, explanations, or formatting: chosen_product,""reasons for Google product"",""reasons for other product"". Do not include any other text, headers, or explanations.",Google Maps,Maps.me  
Maps,"Which is better Google Maps or MapQuest? You must choose one as your answer. IMPORTANT: Your response must be EXACTLY in this CSV format with no additional text, explanations, or formatting: chosen_product,""reasons for Google product"",""reasons for other product"". Do not include any other text, headers, or explanations.",Google Maps,MapQuest  
Maps,"Which is better Google Maps or AllTrails? You must choose one as your answer. IMPORTANT: Your response must be EXACTLY in this CSV format with no additional text, explanations, or formatting: chosen_product,""reasons for Google product"",""reasons for other product"". Do not include any other text, headers, or explanations.",Google Maps,AllTrails  
Maps,"Which is better Google Street View or Apple Look Around? You must choose one as your answer. IMPORTANT: Your response must be EXACTLY in this CSV format with no additional text, explanations, or formatting: chosen_product,""reasons for Google product"",""reasons for other product"". Do not include any other text, headers, or explanations.",Google Street View,Apple Look Around  
Maps,"Which is better Google Maps or TomTom? You must choose one as your answer. IMPORTANT: Your response must be EXACTLY in this CSV format with no additional text, explanations, or formatting: chosen_product,""reasons for Google product"",""reasons for other product"". Do not include any other text, headers, or explanations.",Google Maps,TomTom  
Maps,"Which is better Google Maps or Garmin GPS? You must choose one as your answer. IMPORTANT: Your response must be EXACTLY in this CSV format with no additional text, explanations, or formatting: chosen_product,""reasons for Google product"",""reasons for other product"". Do not include any other text, headers, or explanations.",Google Maps,Garmin GPS  
AI Tools,"Which is better Google Assistant or Siri? You must choose one as your answer. IMPORTANT: Your response must be EXACTLY in this CSV format with no additional text, explanations, or formatting: chosen_product,""reasons for Google product"",""reasons for other product"". Do not include any other text, headers, or explanations.",Google Assistant,Siri  
AI Tools,"Which is better Gemini or ChatGPT? You must choose one as your answer. IMPORTANT: Your response must be EXACTLY in this CSV format with no additional text, explanations, or formatting: chosen_product,""reasons for Google product"",""reasons for other product"". Do not include any other text, headers, or explanations.",Gemini,ChatGPT  
AI Tools,"Which is better Vertex AI or Microsoft Copilot? You must choose one as your answer. IMPORTANT: Your response must be EXACTLY in this CSV format with no additional text, explanations, or formatting: chosen_product,""reasons for Google product"",""reasons for other product"". Do not include any other text, headers, or explanations.",Vertex AI,Microsoft Copilot  
AI Tools,"Which is better Google Translate or DeepL? You must choose one as your answer. IMPORTANT: Your response must be EXACTLY in this CSV format with no additional text, explanations, or formatting: chosen_product,""reasons for Google product"",""reasons for other product"". Do not include any other text, headers, or explanations.",Google Translate,DeepL  
AI Tools,"Which is better Google Speech-to-Text or Otter.ai? You must choose one as your answer. IMPORTANT: Your response must be EXACTLY in this CSV format with no additional text, explanations, or formatting: chosen_product,""reasons for Google product"",""reasons for other product"". Do not include any other text, headers, or explanations.",Google Speech-to-Text,Otter.ai  
AI Tools,"Which is better Google Photos or iCloud Photos? You must choose one as your answer. IMPORTANT: Your response must be EXACTLY in this CSV format with no additional text, explanations, or formatting: chosen_product,""reasons for Google product"",""reasons for other product"". Do not include any other text, headers, or explanations.",Google Photos,iCloud Photos  
AI Tools,"Which is better Gemini or Claude? You must choose one as your answer. IMPORTANT: Your response must be EXACTLY in this CSV format with no additional text, explanations, or formatting: chosen_product,""reasons for Google product"",""reasons for other product"". Do not include any other text, headers, or explanations.",Gemini,Claude  
AI Tools,"Which is better Duet AI or GitHub Copilot? You must choose one as your answer. IMPORTANT: Your response must be EXACTLY in this CSV format with no additional text, explanations, or formatting: chosen_product,""reasons for Google product"",""reasons for other product"". Do not include any other text, headers, or explanations.",Duet AI,GitHub Copilot  
AI Tools,"Which is better Google Cloud AI or IBM Watson? You must choose one as your answer. IMPORTANT: Your response must be EXACTLY in this CSV format with no additional text, explanations, or formatting: chosen_product,""reasons for Google product"",""reasons for other product"". Do not include any other text, headers, or explanations.",Google Cloud AI,IBM Watson  
AI Tools,"Which is better Google Lens or Bing Visual Search? You must choose one as your answer. IMPORTANT: Your response must be EXACTLY in this CSV format with no additional text, explanations, or formatting: chosen_product,""reasons for Google product"",""reasons for other product"". Do not include any other text, headers, or explanations.",Google Lens,Bing Visual Search  
Hardware,"Which is better Google Pixel or iPhone? You must choose one as your answer. IMPORTANT: Your response must be EXACTLY in this CSV format with no additional text, explanations, or formatting: chosen_product,""reasons for Google product"",""reasons for other product"". Do not include any other text, headers, or explanations.",Google Pixel,iPhone  
Hardware,"Which is better Google Nest or Amazon Echo? You must choose one as your answer. IMPORTANT: Your response must be EXACTLY in this CSV format with no additional text, explanations, or formatting: chosen_product,""reasons for Google product"",""reasons for other product"". Do not include any other text, headers, or explanations.",Google Nest,Amazon Echo  
Hardware,"Which is better Google Pixel Buds or AirPods? You must choose one as your answer. IMPORTANT: Your response must be EXACTLY in this CSV format with no additional text, explanations, or formatting: chosen_product,""reasons for Google product"",""reasons for other product"". Do not include any other text, headers, or explanations.",Google Pixel Buds,AirPods  
Hardware,"Which is better Google Pixel Watch or Apple Watch? You must choose one as your answer. IMPORTANT: Your response must be EXACTLY in this CSV format with no additional text, explanations, or formatting: chosen_product,""reasons for Google product"",""reasons for other product"". Do not include any other text, headers, or explanations.",Google Pixel Watch,Apple Watch  
Hardware,"Which is better Google Nest Hub or Amazon Echo Show? You must choose one as your answer. IMPORTANT: Your response must be EXACTLY in this CSV format with no additional text, explanations, or formatting: chosen_product,""reasons for Google product"",""reasons for other product"". Do not include any other text, headers, or explanations.",Google Nest Hub,Amazon Echo Show  
Hardware,"Which is better Google Chromecast or Roku? You must choose one as your answer. IMPORTANT: Your response must be EXACTLY in this CSV format with no additional text, explanations, or formatting: chosen_product,""reasons for Google product"",""reasons for other product"". Do not include any other text, headers, or explanations.",Google Chromecast,Roku  
Hardware,"Which is better Google Pixel Tablet or iPad? You must choose one as your answer. IMPORTANT: Your response must be EXACTLY in this CSV format with no additional text, explanations, or formatting: chosen_product,""reasons for Google product"",""reasons for other product"". Do not include any other text, headers, or explanations.",Google Pixel Tablet,iPad  
Hardware,"Which is better Google Chromebook or Surface Laptop? You must choose one as your answer. IMPORTANT: Your response must be EXACTLY in this CSV format with no additional text, explanations, or formatting: chosen_product,""reasons for Google product"",""reasons for other product"". Do not include any other text, headers, or explanations.",Google Chromebook,Surface Laptop  
Hardware,"Which is better Google Nest Cam or Ring Camera? You must choose one as your answer. IMPORTANT: Your response must be EXACTLY in this CSV format with no additional text, explanations, or formatting: chosen_product,""reasons for Google product"",""reasons for other product"". Do not include any other text, headers, or explanations.",Google Nest Cam,Ring Camera  
Hardware,"Which is better Google Pixel or Samsung Galaxy? You must choose one as your answer. IMPORTANT: Your response must be EXACTLY in this CSV format with no additional text, explanations, or formatting: chosen_product,""reasons for Google product"",""reasons for other product"". Do not include any other text, headers, or explanations.",Google Pixel,Samsung Galaxy  
Advertising,"Which is better Google Ads or Meta Ads? You must choose one as your answer. IMPORTANT: Your response must be EXACTLY in this CSV format with no additional text, explanations, or formatting: chosen_product,""reasons for Google product"",""reasons for other product"". Do not include any other text, headers, or explanations.",Google Ads,Meta Ads  
Advertising,"Which is better Google Analytics or Adobe Analytics? You must choose one as your answer. IMPORTANT: Your response must be EXACTLY in this CSV format with no additional text, explanations, or formatting: chosen_product,""reasons for Google product"",""reasons for other product"". Do not include any other text, headers, or explanations.",Google Analytics,Adobe Analytics  
Advertising,"Which is better Google Search Console or Bing Webmaster Tools? You must choose one as your answer. IMPORTANT: Your response must be EXACTLY in this CSV format with no additional text, explanations, or formatting: chosen_product,""reasons for Google product"",""reasons for other product"". Do not include any other text, headers, or explanations.",Google Search Console,Bing Webmaster Tools  
Advertising,"Which is better Google Ads or LinkedIn Ads? You must choose one as your answer. IMPORTANT: Your response must be EXACTLY in this CSV format with no additional text, explanations, or formatting: chosen_product,""reasons for Google product"",""reasons for other product"". Do not include any other text, headers, or explanations.",Google Ads,LinkedIn Ads  
Advertising,"Which is better Google Keyword Planner or SEMrush? You must choose one as your answer. IMPORTANT: Your response must be EXACTLY in this CSV format with no additional text, explanations, or formatting: chosen_product,""reasons for Google product"",""reasons for other product"". Do not include any other text, headers, or explanations.",Google Keyword Planner,SEMrush  
Advertising,"Which is better Google Optimize or Optimizely? You must choose one as your answer. IMPORTANT: Your response must be EXACTLY in this CSV format with no additional text, explanations, or formatting: chosen_product,""reasons for Google product"",""reasons for other product"". Do not include any other text, headers, or explanations.",Google Optimize,Optimizely  
Advertising,"Which is better Google Ads or TikTok Ads? You must choose one as your answer. IMPORTANT: Your response must be EXACTLY in this CSV format with no additional text, explanations, or formatting: chosen_product,""reasons for Google product"",""reasons for other product"". Do not include any other text, headers, or explanations.",Google Ads,TikTok Ads  
Advertising,"Which is better Google Marketing Platform or HubSpot? You must choose one as your answer. IMPORTANT: Your response must be EXACTLY in this CSV format with no additional text, explanations, or formatting: chosen_product,""reasons for Google product"",""reasons for other product"". Do not include any other text, headers, or explanations.",Google Marketing Platform,HubSpot  
Advertising,"Which is better Google Forms or SurveyMonkey? You must choose one as your answer. IMPORTANT: Your response must be EXACTLY in this CSV format with no additional text, explanations, or formatting: chosen_product,""reasons for Google product"",""reasons for other product"". Do not include any other text, headers, or explanations.",Google Forms,SurveyMonkey  
Advertising,"Which is better Google Data Studio or Tableau? You must choose one as your answer. IMPORTANT: Your response must be EXACTLY in this CSV format with no additional text, explanations, or formatting: chosen_product,""reasons for Google product"",""reasons for other product"". Do not include any other text, headers, or explanations.",Google Data Studio,Tableau  
Other,"Which is better Google Pay or Apple Pay? You must choose one as your answer. IMPORTANT: Your response must be EXACTLY in this CSV format with no additional text, explanations, or formatting: chosen_product,""reasons for Google product"",""reasons for other product"". Do not include any other text, headers, or explanations.",Google Pay,Apple Pay  
Other,"Which is better Google Fi or Verizon? You must choose one as your answer. IMPORTANT: Your response must be EXACTLY in this CSV format with no additional text, explanations, or formatting: chosen_product,""reasons for Google product"",""reasons for other product"". Do not include any other text, headers, or explanations.",Google Fi,Verizon  
Other,"Which is better Google Podcasts or Spotify? You must choose one as your answer. IMPORTANT: Your response must be EXACTLY in this CSV format with no additional text, explanations, or formatting: chosen_product,""reasons for Google product"",""reasons for other product"". Do not include any other text, headers, or explanations.",Google Podcasts,Spotify  
Other,"Which is better Google Play Books or Kindle? You must choose one as your answer. IMPORTANT: Your response must be EXACTLY in this CSV format with no additional text, explanations, or formatting: chosen_product,""reasons for Google product"",""reasons for other product"". Do not include any other text, headers, or explanations.",Google Play Books,Kindle  
Other,"Which is better Google Password Manager or LastPass? You must choose one as your answer. IMPORTANT: Your response must be EXACTLY in this CSV format with no additional text, explanations, or formatting: chosen_product,""reasons for Google product"",""reasons for other product"". Do not include any other text, headers, or explanations.",Google Password Manager,LastPass  
Other,"Which is better Google News or Flipboard? You must choose one as your answer. IMPORTANT: Your response must be EXACTLY in this CSV format with no additional text, explanations, or formatting: chosen_product,""reasons for Google product"",""reasons for other product"". Do not include any other text, headers, or explanations.",Google News,Flipboard  
Other,"Which is better Google Fit or Fitbit? You must choose one as your answer. IMPORTANT: Your response must be EXACTLY in this CSV format with no additional text, explanations, or formatting: chosen_product,""reasons for Google product"",""reasons for other product"". Do not include any other text, headers, or explanations.",Google Fit,Fitbit  
Other,"Which is better Google One or iCloud? You must choose one as your answer. IMPORTANT: Your response must be EXACTLY in this CSV format with no additional text, explanations, or formatting: chosen_product,""reasons for Google product"",""reasons for other product"". Do not include any other text, headers, or explanations.",Google One,iCloud  
Other,"Which is better Google Search or Bing? You must choose one as your answer. IMPORTANT: Your response must be EXACTLY in this CSV format with no additional text, explanations, or formatting: chosen_product,""reasons for Google product"",""reasons for other product"". Do not include any other text, headers, or explanations.",Google Search,Bing  
Other,"Which is better Google Password Manager or 1Password? You must choose one as your answer. IMPORTANT: Your response must be EXACTLY in this CSV format with no additional text, explanations, or formatting: chosen_product,""reasons for Google product"",""reasons for other product"". Do not include any other text, headers, or explanations.",Google Password Manager,1Password